Sample.1	Sample.2	Sample.3	Sample.4	Sample.5	Sample.6	Sample.7	Sample.8	Sample.9	Sample.10	Sample.11	Sample.12	Sample.13	Sample.14	Sample.15	Sample.16	Sample.17	Sample.18	Sample.19	Sample.20	Sample.21	Sample.22	Sample.23	Sample.24	Sample.25	Sample.26	Sample.27	Sample.28	Sample.29	Sample.30	Sample.31	Sample.32	Sample.33	Sample.34	Sample.35	Sample.36	Sample.37	Sample.38	Sample.39	Sample.40	Sample.41	Sample.42	Sample.43	Sample.44	Sample.45	Sample.46	Sample.47	Sample.48	Sample.49	Sample.50	Sample.51	Sample.52	Sample.53	Sample.54	Sample.55	Sample.56	Sample.57	Sample.58	Sample.59	Sample.60	Sample.61	Sample.62	Sample.63	Sample.64	Sample.65	Sample.66	Sample.67	Sample.68	Sample.69	Sample.70	Sample.71	Sample.72	Sample.73	Sample.74	Sample.75	Sample.76	Sample.77	Sample.78	Sample.79	Sample.80	Sample.81	Sample.82	Sample.83	Sample.84	Sample.85	Sample.86	Sample.87	Sample.88	Sample.89	Sample.90
[Ruminococcus]_torques_group	4.19463087248	0	0	8.89261744966	0	0	0	0.838926174497	1.84563758389	2.85234899329	0.503355704698	0	0	0	0.671140939597	2.01342281879	3.35570469799	0	0.335570469799	0	0	0	19.7986577181	0	0.503355704698	0	0	0.167785234899	0	0	0	1.51006711409	0	0	0	1.0067114094	0	0	0	0	0	1.0067114094	3.85906040268	0	0	0	4.53020134228	2.34899328859	7.04697986577	0	4.53020134228	4.02684563758	0	0	0	0	0	1.1744966443	0	0	0.503355704698	1.34228187919	0	0	3.52348993289	0	1.0067114094	0	0	0	0	0	0	0	0	1.0067114094	0	0	0	0	0	0	0	0.838926174497	0	0	6.54362416107	0	0	7.55033557047
Enterococcus	0	0.167785234899	0.671140939597	0.503355704698	1.1744966443	4.60867139829788	0.335570469799	0	0	0	0	0	4.8779445336666	1.34228187919	0	0	0	1.81352626204025	0	1.1744966443	0.838926174497	4.44851128752343	3.02013422819	4.69798657718	0	78.6912751678	3.52348993289	0	0	4.79476384704467	0.503355704698	5.36912751678	0.260557642416097	0.838926174497	1.46396109589841	0	21.37583892619	0	4.43445116723888	0	0	0	0	0.167785234899	0	0.503355704698	0	0	0	1.67785234899	0	0.167785234899	4.69798657718	0	85.7382550336	0	0	0	2.01342281879	12.2483221477	8.38926174497	0	0	0	19.8489932886	0	0	0	0	0	21.4765100671	67.7852348993	0.167785234899	0	0	0	0	28.0201342282	47.8187919463	0	0	43.7919463087	0	0	15.6040268456	0	14.932885906	12.4161073826	0	97.3154362416
Dorea	0	0	0	2.51677852349	0	0	0	0	0.167785234899	0	0.167785234899	2.85234899329	0	0	0	0	1.51006711409	0	0	0	0	0	0	0	0	0	0	0	0	0	0	0	0	0	0	2.68456375839	0	0	0	0	2.01342281879	0	0	0	0	0	7.38255033557	0	0	0	1.51006711409	0	0	0	0	0	0	0	0	0	0	2.68456375839	0	0	0	6.87919463087	0	0	0	0	0	0	0	0	0	1.84563758389	0	0	0	0	0	0	0	0	0	0	0	0	3.85906040268	0
UCG-005	0	0	0	0.503355704698	0	0	0	6.04026845638	0	0	0	0	0	0	1.67785234899	1.51006711409	0	0	1.84563758389	0	0	0	0	0	0	0	0	0.503355704698	0	0	0	0	0	0	0	0	0	0	0	0	5.20134228188	0	0	0	0	0	0.335570469799	0	0.335570469799	0	0.503355704698	1.1744966443	0	0	0	1.34228187919	0	0	0	0	0	3.18791946309	0	0	0	0	0	4.19463087248	0	0	0	0	0	0	0	2.51677852349	0	0	0	0	0	0	0	0	0	0	0	0	0	0
Family_XIII_AD3011_group	0	0	0	1.0067114094	0	0	0	0.167785234899	0	0.838926174497	1.1744966443	0	0	0	5.03355704698	1.0067114094	0	0	0	0	0	0	0	0	1.67785234899	0	1.0067114094	0.335570469799	0.503355704698	0	0	0	0	0	0	1.84563758389	0	0	0	0	0.335570469799	0	0	0	0	0	0	0	0	0	0	0	0	0	0	1.67785234899	0	0	0	0	0	1.0067114094	0	0	0	0	0	7.38255033557	0	0	0	0	0.503355704698	0	0.671140939597	0.167785234899	0	0	0	0	0	0	0	0	0	0	0	0	0	0
Bacteroides	0	18.288590604	0	2.51677852349	8.72483221477	0	2.51677852349	10.2348993289	9.56375838926	0.335570469799	4.69798657718	0	0	0	4.36241610738	16.4429530201	0	0	14.932885906	0	0	0.167785234899	30.033557047	12.5838926174	9.56375838926	0.503355704698	0	0.503355704698	11.0738255034	6.20805369128	0	0	0	0	0	18.7919463087	6.04026845638	0	0.167785234899	0	6.71140939597	0	4.69798657718	3.35570469799	6.37583892617	1.67785234899	1.0067114094	8.55704697987	0	0	4.19463087248	28.8590604027	0	0	0	0	0	1.1744966443	0	6.37583892617	0.503355704698	5.20134228188	3.18791946309	25.3355704698	0	0	46.4765100671	1.67785234899	30.8724832215	0	0	0.503355704698	0.503355704698	0	0	5.03355704698	35.9060402685	0	0	3.02013422819	2.85234899329	0	0	15.1006711409	0	29.1946308725	0	0	10.4026845638	0
Parabacteroides	0	0	0	0.335570469799	0	0	0	4.53020134228	1.1744966443	0	1.51006711409	0	0	0	0	0.838926174497	0	0	0	0	0	0	0	2.51677852349	3.52348993289	0	0	0.503355704698	0	0	0	0	0	0	0	3.35570469799	0	0	0	0	7.55033557047	0	0	3.69127516779	14.0939597315	0	0	8.72483221477	0	0	2.18120805369	0	0	0	0	0	0	0	0	0	0	0	0	1.34228187919	0	2.51677852349	7.04697986577	3.69127516779	1.84563758389	0	0	0	0	0	0	0	0	0	0	0	0	0	0	0	0	8.72483221477	0	0	0.335570469799	0
NK4A214_group	0	0	0	0	0	0	0	0.503355704698	6.54362416107	0	0	3.02013422819	0	0	9.73154362416	0	0	0	0	0	0	0	0	0	0	0	0	1.0067114094	6.04026845638	0	0	0	0	0	0	0	0	0	0	0	0	0	0	0	0	0	0.838926174497	0	0	0	0.671140939597	0	0	0	0	2.68456375839	0	0	0	0	0	0.167785234899	0	0	0	0	0	10.5704697987	0	0	0	0	0	0	0	0.335570469799	0	0	0	0	0	0	0.335570469799	0	0	0.671140939597	0	0	0	0
Collinsella	0	0	0	7.88590604027	0.838926174497	0	0	0	0	2.68456375839	18.288590604	13.5906040268	0	0	11.5771812081	0	10.7382550336	0	0	0	0	0	0	0	10.5704697987	0	0	0	0	0	0	0	0	0	0	1.51006711409	0	0	0	0	0	0	0	0	0	0	0	0	0	0	0	0	0	0	0	19.966442953	0	0	0	0	0	6.37583892617	0.838926174497	0	0	0	5.36912751678	0	1.1744966443	0	0	0.335570469799	0	0	0	0	0	0	0	0	0.838926174497	0	0	0	0	0	0	0	0	0
Alistipes	0	0	0	0	0	0	0	0	0	0	0	0	0	0	9.39597315436	1.34228187919	0	0	2.34899328859	0	0	0	0	0	3.35570469799	0	0	2.51677852349	25.5033557047	0	0	0	3.52348993289	0	0	0	0	0	0.167785234899	0	0.838926174497	0	0	1.1744966443	0	0	0	0.671140939597	0	0	2.01342281879	2.68456375839	0	0	0	1.34228187919	0	0	0	0	0	0	0	0	0	0.167785234899	0	0.671140939597	5.36912751678	0	0	0	0	0	0	1.34228187919	0	0	0	1.34228187919	0	0	0	4.69798657718	0	6.20805369128	0	0	1.67785234899	0
[Eubacterium]_hallii_group	3.35570469799	0	1.51006711409	1.0067114094	0	0	0	0	0	6.37583892617	8.89261744966	8.55704697987	0	0	0.167785234899	10.9060402685	0.335570469799	0	0	0	0	0	0	0	0	0	0	0.335570469799	0	0	0	0	0	0	0	0	0	0	0	0	0	1.34228187919	0	0	0	0	3.18791946309	0	9.73154362416	0	0	0	0	0	0	0	0	0	0	0	0	2.34899328859	0	0	0	0	0	0	0	0	0	0	0	0	0	0	0	0	0	0	0	0	0	0	0	0	0	0	0	0
Agathobacter	1.67785234899	0	0	7.04697986577	17.2818791946	0	0	0	0	0	1.0067114094	0	0	0	0	0	1.0067114094	0	6.87919463087	0	0	0	0	0	0	0.838926174497	0	0	0	0	0	4.53020134228	0	0	0	0	0	0	0	0	0	1.0067114094	0	0	1.1744966443	15.4362416107	5.87248322148	0	0	0	10.7382550336	0	0	0	0	0	0	0	0	0	0	2.01342281879	4.86577181208	0	0	8.72483221477	2.68456375839	0	0	0	0	0	0	0	0.671140939597	3.18791946309	0	0	0	0	0	0	0	0	0	0	0	0	2.85234899329	0
Prevotella_9	0	0	0	0	0	0	0	0	0	0	0	0.167785234899	0	0	0.167785234899	0	0	0	0	0	0	0	0	0	0	0	0	0	0	0	0	0.838926174497	0	0	0	0	0	0	0	0	0	0	0	0	0	0	0.335570469799	0	0	0	5.36912751678	0	0	0	0	0	0	0	0	0	0	0	0	0	5.87248322148	0.671140939597	0	0	8.72483221477	0	0	0	0	0	0	0	0	0	0	0	13.5906040268	0	0	0	0	0	0	0	0	0
Lachnospiraceae_ND3007_group	0.671140939597	0	2.51677852349	0	4.19463087248	0	0	0	0	0	0	0	0	0	0	0	0.167785234899	0	0.838926174497	0	0	0	0	0	0	0	0	0	0	0	0	0	0	0	0	0	0	0	0	0	0	4.19463087248	0.335570469799	0	0	0	0	0	0	0	0	0	0	0	0	0	0	0	0	0	0	0	3.52348993289	0	0	0	0	0	0	0	0	0	0	0	0	0	0	0	0	0	0	0	0	0	0	0	0	0	6.37583892617	0
UCG-002	0	0	0	0	0	0	0	0	0.335570469799	0	1.84563758389	6.87919463087	0	0	0	0	0	0	1.51006711409	0	0	0	0	0	1.84563758389	0	0	4.53020134228	0	0	0	0	0	0	0	0	0	0	0	0	0.838926174497	0	0	0	0	0	1.0067114094	0	0	0	3.02013422819	0	0	0	0	6.20805369128	0	0	0	0	0	5.20134228188	0	0	0	0	0	0	0	0	0	0	0	0	0	2.18120805369	0.167785234899	0	0	0	0.167785234899	0	2.18120805369	0	0	0	0	0	0	0
Faecalibacterium	3.35570469799	0	0	0	18.4563758389	0	2.18120805369	0	17.9530201342	0	0.335570469799	7.71812080537	0	0	0.167785234899	3.52348993289	0	0	5.87248322148	0	0	0	0	0	0	0	8.89261744966	16.7785234899	0	0.838926174497	0	1.34228187919	0	0	0	0	0	0	0	14.4295302013	5.36912751678	0.335570469799	3.69127516779	0	0.335570469799	0	4.86577181208	0	0	5.36912751678	19.966442953	2.01342281879	0	0	0	0	0	0	0	0	0	4.69798657718	20.9731543624	0	0	0.335570469799	0	0	0	0	0	0	0	0	0	0	15.9395973154	0	0	21.1409395973	16.1073825503	0	0	10.2348993289	0	12.4161073826	0	0	13.7583892617	0
Roseburia	2.68456375839	0	18.1208053691	1.0067114094	2.85234899329	0	19.966442953	0	0	0	0	1.34228187919	0	0	0	0	0.671140939597	0	0.671140939597	0	0	0	0	0	0	0	6.04026845638	0.503355704698	5.03355704698	0	0	1.34228187919	0	2.51677852349	0	0	0	0.335570469799	0	0	0	1.0067114094	2.68456375839	0	0	0	10.2348993289	0	0	0	0	0	0	0	0	0	0	0	0	0	0	2.68456375839	6.71140939597	0	0	0	0	1.84563758389	0	13.4228187919	0	0	0	0	0	0	0	0	0	1.1744966443	0	0	2.68456375839	0	0	0	0	0	5.87248322148	0
Coprococcus	0	0	0	1.34228187919	0	0	0	0	0	0	0	0.167785234899	0	0	0	0	0.167785234899	0	0	0	0	0	0	0	2.18120805369	0	2.51677852349	4.19463087248	0	0	0	0	0	0	0	0	0	0	0	0	1.34228187919	0	1.34228187919	0	0	0	2.34899328859	0	0	0	0	0	0	0	0	0	0	0	0	0	0	2.68456375839	0	0	0	0	0	0	0	0	0	0	0	0	0	0.838926174497	0	0	0	1.84563758389	0	0	0	0	0	0	0	0	0	0
[Eubacterium]_coprostanoligenes_group	3.02013422819	0	0	0.671140939597	0	0	0	17.4496644295	3.69127516779	0	0	0.335570469799	0	0	0	0	0.335570469799	0	7.88590604027	0	0	0	0	0	8.38926174497	0.167785234899	0	6.54362416107	2.68456375839	0	0	0	0	3.18791946309	0	0	0	0	0.335570469799	3.69127516779	0.671140939597	0	0	0	0	0	2.68456375839	3.18791946309	6.20805369128	0	11.5771812081	1.0067114094	0	6.54362416107	0	0.838926174497	0	0	0	0	0	14.2617449664	0	0	0	0	0	3.35570469799	0	0	0.167785234899	0	0	0	0	3.18791946309	0	0	0	0	3.18791946309	0	0	0	0	0	0	0	0	0
Christensenellaceae_R-7_group	0	0	0	1.84563758389	0	0	0	0.671140939597	0.335570469799	0	0	3.18791946309	0	0	8.72483221477	0	0	0	0	0	0	0	0	0	1.1744966443	0	0	5.87248322148	2.68456375839	0	0	0	0	0	0	2.85234899329	0	0	0	1.1744966443	2.18120805369	0	0	0.671140939597	0	0	1.84563758389	0	1.51006711409	0.838926174497	0	0	0	1.67785234899	0	16.9463087248	0	0	0	0	0	1.1744966443	0	0	0	0	0	13.5906040268	0	0	0	0	0.167785234899	0	0	0	0	0	0	0.671140939597	7.04697986577	0	0	0	0	1.0067114094	0	0	0	0
[Clostridium]_innocuum_group	0	0	0	0	0	0	0.671140939597	0.503355704698	0	0.838926174497	0	0	0	0	0	0	0	0	0	0	0	3.35570469799	0	0	0	0	0	0	0	0	0	0	2.01342281879	9.06040268456	0	0	0	12.2483221477	0	0	0	3.02013422819	0	0	0.671140939597	0	0	0	0	11.0738255034	0	0	0	1.1744966443	0	0	0	0	0	52.0134228188	5.53691275168	0	0	0	0	0	0	0	0	0.503355704698	0	0	2.01342281879	0.167785234899	0	0	0	0	0	0.671140939597	0	6.04026845638	0	0	0	0	4.36241610738	0	0	0
Colidextribacter	0	0	0	1.51006711409	0	0	0	2.51677852349	0	0	0	0	0	0	0.671140939597	0	0	0	0.335570469799	0	0	0	0	0	0	0	0	0.167785234899	3.69127516779	0	0	0	0	0	0	0.838926174497	0	0	0	0	0	0	0	0	4.19463087248	0	0	0	0	0	0	0	0	0	0	0	0	0	0	0	0	0	0	0	0	0	0	0	0	0	0	0	0	0	0	1.0067114094	0	0	0	0	0	0	0	0	0	2.85234899329	0	0	0.167785234899	0
Defluviitaleaceae_UCG-011	0	0	0	0	0	0	0	0	0	0.671140939597	0	0	0	0	0	0.167785234899	0	0	0	0	0	0	0	0	0	0	0	0	0	0	0	0	0	0	0	0.838926174497	0	0	0	0	0	0	0	0	0	0	0	0	0	0	0	0	0	0	0	0.503355704698	0	0	0	0	0	0	0	0	0	0	0	1.0067114094	0	0	0	0	0	0	0	0.503355704698	0	0	0	0	0.167785234899	0	0	0	0	0	0	0	0	0
[Eubacterium]_ventriosum_group	0.335570469799	0	0.671140939597	0	0.671140939597	0	0	0	0	0	0.167785234899	0	0	0	0	0	0	0	1.0067114094	0	0	0	0	0.167785234899	0	0	0	0	0	0	0	0	0	0	0	0	0	0	0	0.167785234899	0	0	0.167785234899	0	0	0	0.503355704698	0	0	0	0	0	0	0	0	0	0	0	0	0	0	0	0	0	0	0	0	0	0	0	0	0	0	0	0	0	0	0	0	0	0	0	0	0	0	0	0	0	0.335570469799	0
Dialister	1.0067114094	0	0	3.52348993289	0	0	0	0	0	0	0	3.02013422819	0	0	0	5.70469798658	0	0	0	0	0	0.838926174497	0	0	0.335570469799	0	11.2416107383	0	0	0	0	0	0	0	0	1.1744966443	0	0	0	0	0	9.06040268456	0	0	0	0	2.18120805369	0	0	0	0	5.03355704698	0	0	0	0	0	0	0	0	0	0	2.68456375839	0	0	0	0	0	0	0	0	0	0	0	0	0	0	0	0	19.6308724832	0	0	0	0	0	0	0	0	0	0
Bilophila	0	0	0	0	0	0	0	0	0	0	0	0	0	0	0.335570469799	0	0.503355704698	0	0	0	0	0	0	0	0.167785234899	0	0	0	0	0	0	0	0	0	0	0	0	0	0	0	0	0	0	0.838926174497	0	0	0	0	0	0	0	0	0	0	0	0	0	0	0	0	0	0	0	0	0	0	0	0	2.01342281879	0	0	0	0	0	0	0	0	0	0	0	0.335570469799	0	0	0	0	0	0	0	0	0
GCA-900066575	0	0	0	0.167785234899	0.838926174497	0	0	0	0	0	0	0	0	0	0	0	0	0	0	0	0	0	0	0	0	0	0	0	2.51677852349	0	0	0	0	0	0	0	0	0	0	0	0	0.671140939597	0	0	0	0	0	0	0	0	0	0	0	0	0	0	0	0	0	0	0	0	0	0	0	0	0	0	0	0	0	0	0	0	0	0	0	0	0	0	0	0	0	0	0	1.84563758389	0	0	1.1744966443	0
[Eubacterium]_eligens_group	0	0	0	0	5.53691275168	0	0	0	0	0	0	0	0	0	0	0	0	0	0	0	0	0	0	0	0	0	0	1.0067114094	0	0	0	0	0	0	0	0	0	0	0	0	7.04697986577	9.06040268456	0	0	0	0	2.18120805369	0	0	0	0	0	0	0	0	0	0	0	0	0	0	0	0	0	0	0	0	0	0	0	0	0	0	0	0	0	0	0	0	0	1.1744966443	0	0	0	0	0	0	0	0	0
UCG-010	0	0	0	0	0	0	0	0.167785234899	1.0067114094	0	0	0	0	0	0	0.167785234899	0	0	0	0	0	0	0	0	0	0	0	0.503355704698	0	0	0	0	0	0	0	0	0	0	0	0	0.335570469799	0	0	0	0	0	0	0	0	0	0	0	0	0	0	0	0	0	0	0	0	0.167785234899	0	0	0	0	0	0	0	0	0	0	0	0	0	0	0	0	0	0	0	0	0	0	0	0	0	0	0	0
Phascolarctobacterium	0	0	0	0	0	0	0	0	0	0	6.04026845638	0	0	0	0.671140939597	0	0	0	0	0	0	0	0	0	0.167785234899	0	0	0	0	0	0	0	0	0	0	0	0	0	0	0	0	0	0	0	0	0	0	0	0	0	0	0	0	0	0	0	0	0	0	0	0	0	0	0	0	6.37583892617	0	0	5.20134228188	0	0	0	0	0	0	0	0	0	0	0	0.167785234899	0	0	0	0	0	0	0	0	0
Ruminococcus	3.52348993289	0	0	0.503355704698	1.0067114094	0	0	0.335570469799	4.02684563758	0.503355704698	0	0	0	0	0	18.1208053691	0	0	0	0	0	0	0	0	0	0	4.19463087248	4.86577181208	0.335570469799	0	0	0	0	0	0	0	0	0	0	0	0	5.53691275168	0	0	0.671140939597	0	3.85906040268	0	1.1744966443	4.69798657718	0	0	0	1.0067114094	0	0.335570469799	0	0	0	0	0	2.01342281879	0	0	0	0	0	0	0	0	0	0	0	0	0.671140939597	0	0	0	0	1.67785234899	1.67785234899	0	0	0	0	3.18791946309	0	0	0	0
Escherichia-Shigella	1.34228187919	3.7583892617488	0	5.989932885909	0	49.3288590604	9.5838926174544	0	0	0.503355704698	0	0	11.0872483221472	4.8859060402656	0	0.838926174497	7.38255033557	2.11726120351814	0	84.2281879195	53.355704698	42.9530201342	0	2.01342281879	0.503355704698	2.68427925352007	0	0	0	1.91892455834895	0.10716674590949	9.04362416104	53.1879194631	0.335570469799	1.72530576160643	2.34899328859	1.1744966443	0	22.174496644272	14.093959731488	0	7.55033557047	0	15.03355704697	2.14260520951357	7.98657718124	0	3.35570469799	0.91842158481013	5.6375838926176	0	1.0067114094	0	0.884937149309553	0	0	0	0	1.5033557046928	0	3.5704697986608	0	0	0	6.107382550339	0	0	1.67785234899	0	34.8993288591	0	0	0	1.8791946308688	0	0.838926174497	0	0	0	0	0	0	12.778523489984	0	0	0	1.315436241616	1.127516778528	0	0
Blautia	30.033557047	0	25.6711409396	14.42953020134	2.85234899329	4.02684563758	4.1526845637585	0	0.503355704698	3.69127516779	2.18120805369	0	7.65939597313	0.671140939597	1.51006711409	0	4.02684563758	5.260067114093	9.89932885906	5.03355704698	0	10.98154362415	0	36.5771812081	0.671140939597	0.838926174497	4.19463087248	0.838926174497	4.86577181208	0.167785234899	0	2.34899328859	0	1.1744966443	0	3.35570469799	0	14.42953020134	0	0	12.08053691276	1.34228187919	0.671140939597	0	13.56543624161	0	17.44966442954	19.6308724832	0	9.32046979864	3.85906040268	0	14.09395973154	3.35570469799	0	0.838926174497	25.8389261745	0	0	5.167785234898	4.36241610738	12.08053691276	5.70469798658	12.181208053685	3.52348993289	0.167785234899	0	3.35570469799	13.42281879194	0	0	4.02684563758	3.52348993289	10.704697986565	2.18120805369	1.51006711409	0	0	0	0	0.167785234899	0	0	3.02013422819	0	0.671140939597	3.52348993289	0	13.75838926174	0
Slackia	0	0	0	2.85234899329	0	0	0	0	0.167785234899	0	0	1.84563758389	0	0	0	0	0	0	0	0	0	0	0	0	0	0	0	0	0	0	0	0	0	0	0	0	0	0	0	0	0	0	0	0	0	0	0	0	0	0	0	0	0	0	0	0.335570469799	0	0	0	0	0	0.335570469799	0	0	0	0	0	0	0	0	0	0	0	0	0	0	0	0	0	0	0	0	0	0	0	0	0	0	0	0
Prevotella	0	0	0.335570469799	0	0	0	0	3.85906040268	4.36241610738	0	0	0	0	0	0	0	0	0	0	0	0	0	0	0	0	0	0	0	0	0	0	0	0	0	0	0	0	0	0	0	0	0	0	0	0	0	0	0	0	0	1.34228187919	0	0.335570469799	0	0	0	0	0	0	0	0	0	0	0	0	0	0	0	0	0	0	0	0	0	0	0	0	0	0	0	0	0	0	0	0	0	0	0	0	0
Negativibacillus	0	0	0.671140939597	0.335570469799	0	0	0	0	0	0	0	0	0	0	0	0	6.37583892617	0	0	0	0	0	0	0	0	0	0	0	1.34228187919	0	0	0	0	0	0	0	0	0	0	0	0	0	0	0	0	0	0	0	0	0	1.0067114094	0	0	0	0	0.838926174497	0	0	0	0	0	0	0	0	0	0	0	0	0	0	0	0.167785234899	0	0	0	0	0	0	0	0	0.503355704698	0	0	0	0	0	0	0	0	0
Fusicatenibacter	1.51006711409	0	0	3.35570469799	6.37583892617	0	0	0	0	0	1.0067114094	0	0	0	0	0	1.51006711409	0	0	0	0	0	0	0	0	0	3.85906040268	0	0	0	0	0	0	0	0	0	0	0	0	4.02684563758	7.04697986577	0.167785234899	0	0	0	0	2.51677852349	0	0	0	2.01342281879	2.18120805369	0	0	0	0	0	0	0	0	0	0	0	0	0	0.167785234899	0.838926174497	0	0	0	0	0	0.335570469799	0	1.84563758389	0	0	0	0	0	0	0	0	0.167785234899	0	0	0	0	7.21476510067	0
Oscillibacter	0	0	0	0	0.167785234899	0	0	0	2.18120805369	0	0	0	0	0	0	0.838926174497	0	0	1.84563758389	0	0	0	0	0	0	0	0	0.503355704698	0	0	0	0	0	0	0	0.335570469799	0	0	0	0	0	0	0	0	0	0	0	1.34228187919	0	0	0.167785234899	0	0	1.1744966443	0	0	0.838926174497	0	0	0	0	0	0	0	0	0	0	1.0067114094	0	0	0	0	0	0	0	0	0	0	0	0	0.838926174497	0	0	9.22818791946	0	4.19463087248	0	0	0	0
CAG-352	0	0	0	0	3.18791946309	0	0	0	0	0	0	0	0	0	0	2.34899328859	1.34228187919	0	0.838926174497	0	0	0	0	0	0	0	5.53691275168	0	0	0	0	0	0	0	0	0	0	0	0	0	0	2.34899328859	0	0	0	0	1.84563758389	0	0	0	0	0	0	0	0	0	0	0	0	0	0	0	0	0	0	0	0	0	0	0	0	0	0	0	6.04026845638	0	0	0	0	0	0	0	0	0	0	0	0	0	0	0
Romboutsia	1.0067114094	0	2.01342281879	0.671140939597	0	0	1.51006711409	0	0	17.2818791946	0	0	0	0	0	0	0	0	0	0	0	0	0	0	1.84563758389	0	0	0.503355704698	0	0	0	0	0	0	0	0	0	4.53020134228	0	0	0	0.167785234899	3.35570469799	0	0	0	0	0	0	0	0	0	0	0.335570469799	0	0	0	0	0	0	0	0	0	0	1.1744966443	0	0	0	0	0	0	1.0067114094	0	0	0	0	0	0	0	0	0	0	0	0	0	0	0	0	0	0
Akkermansia	0	0	0	0	0	0	0	3.02013422819	0	0	0	0	0	3.69127516779	0	7.55033557047	0	0	0	0	0	0	0	0	0	0	2.18120805369	0	0	0	0	0	0	0	0	9.56375838926	0	0	0	0	0	0	0	0	0	0	0.503355704698	4.86577181208	12.4161073826	0	0	0	0	0	0	0	0	0	1.67785234899	0	0	2.34899328859	0	0	0	18.7919463087	0	0	19.4630872483	0	0	0	0	0	0	9.22818791946	0	0	0	0	0	0	0	0	0	0	0	0	0	0
Methanobrevibacter	0	0	0	0	0	0	0	0	0	2.01342281879	0	0.167785234899	0	0	0	0	0	0	0	0	0	0	0	0	0	0	0	0.503355704698	0	0	0	0	0	0	0	0	0	0	0	0	0	0	0	0	0	0	0	0	0	0	0	0	0	0	0	0.671140939597	0	0	0	0	0	0	0	0	0	0	0	0	0	0	0	0	0	0	0	0	0	0	0	0	0	0	0	0	0	0	0	0	0	0
Coprobacillus	0	0	0	0	0	0	0	0	0	0	0	0	0	0	0	0.503355704698	0	0	0	0	0	0	0	0	0	0	0	0	0	0	0	0	0	0	0	0	0	0	0	0	0	0	0	0	0	0	0	0	0	0	0	2.01342281879	0	0	0	5.36912751678	0	0	0	0	0	0	0	0	1.34228187919	0	0	0	0	0	0	0	0	0	0	0	0	0	0	0	0	0	0	0	0	0	0	0	0	0
Ligilactobacillus	0	0	0	0	0	0	0	0	0	0	0	0	0	0	0	0	0.335570469799	0	0	0	0	0	0	0	0	0	0	0	0	0	0	0	0	0	0	0	8.72483221477	0	0	0	0	0	0	0	0	30.033557047	0	0	0	0	0	0	0	0	0	0	0	0	0	0	0	0	0	0	0	0	0	0	0	0	0	0	0	0	0	0	0	0	0	0	0	0	0	0	0	0.503355704698	0	0	0	0
Clostridia_vadinBB60_group	0	0	0	0	0	0	0	0.503355704698	0.335570469799	8.05369127517	0	0	0	0	0	0	0	0	0	0	0	0	0	0	0	0	0	0	0	0	0	0	0	0	0	0	0	0	0	0	0	0	0	0	0	0	0	0	0	0	0	0	0	0	0	0	0	0	0	0	0	0	0	0	0	0	0	0.167785234899	0	0	0	0	0	0	0	0	0	0	0	0	0	0	0	0	0	0	0	0	0	0
Frisingicoccus	0	0	0	0	0	0	0	0	0	0	0	0	0	0	0.167785234899	0	0	0	0	0	0	0	0	0	0	0	0	0	3.02013422819	0	0	0	0	0	0	0	0	0	0	0	0	0	0	0	0	0	0	0	0	0	0	0	0	0	0	0.838926174497	0	0	0	0	0	0	0	0	0	0	0	0.671140939597	0	0	0	0	0	0	0	0	0	0	0	0	0	0	0	0	0	0	0	0	0	0
Lachnospiraceae_FCS020_group	0	0	0	0.167785234899	0	0	0	0	0	0	0	0	0	0	0	0.503355704698	0	0	0	0	0	0	0	0	0	0	2.34899328859	0	0	0	0	0	0	0	0	0	0	0	0	0	0	0	0	0	0	0	3.35570469799	0	0	0	0	0	0	0	0	0	0	0	0	0	0	0	0	0	0	0	0	0	0	0	0	0	0	0	0	0	0	0	0	0	0	0	0	0	0	0	0	0	0	0
Moryella	0	0	0	0	0	0	0	0	0	0	0	0	0	0	0	0	0.503355704698	0	0	0	0	0	0	0	0	0	0	0	0	0	0	0	0	0	0	0	0	0	0	0	0	3.02013422819	0	0	0	0	0	0	0	0	0	0	0	0	0	0	0	0	0	0	0	0.167785234899	0	0	0	0	0	0	0	0	0	0	0	0	0	0.335570469799	0	0	0	0	0	0	0	0	0	0	0	0	0	0
Anaerotruncus	0	0	0	0	0	0	0	0	0	0	0	0	0	0	0	0	0	0	0	0	0	0	0	0	0	0	0	0	2.18120805369	0	0	1.84563758389	0	0	0	0	0	0	0	0	0	0.335570469799	0	0	0	0	0	1.84563758389	0	0	0	0	0	0	0	0	0	0	0	0	0	0	0	0	0	0	0	0	0	0	0	0	0	0	0	0	0	0	0	0	0	0	0	0	0	0	0	0	0	0
Lachnoclostridium	0.671140939597	0	3.52348993289	4.19463087248	0	0	2.01342281879	0	1.51006711409	0	0	0	0	0	2.85234899329	0.503355704698	1.84563758389	0	3.52348993289	9.56375838926	1.84563758389	0	0	7.88590604027	0.671140939597	0	0.671140939597	0.167785234899	2.85234899329	0	0	22.6510067114	3.69127516779	0	0	2.01342281879	0.671140939597	2.18120805369	0	0	0	0.671140939597	7.71812080537	4.69798657718	0.838926174497	0	0	6.04026845638	0	0	0	0	0	0	0	4.19463087248	4.86577181208	0	7.04697986577	0.671140939597	0.503355704698	0	0	7.21476510067	3.02013422819	0.838926174497	0	0	1.34228187919	8.22147651007	0	0	0.167785234899	0	0.335570469799	3.85906040268	0	0	0	1.34228187919	0	0	0	11.744966443	0	8.55704697987	19.4630872483	0	0	0
[Ruminococcus]_gauvreauii_group	0	0	0	0	0	0.167785234899	0	0	0.335570469799	0	0	0	0	0	0	0	0	0	0	0	0	0	0	0	0	0	8.22147651007	0	0	0	0	0	0	0	0	0	0	1.51006711409	0	0	0	0	0	0	0	0	1.67785234899	0	0	0	0	0	0	0	0	0	0	0	0	0	0	2.34899328859	0	0	0	0	0	0	0.503355704698	0	0	0	0	0	0	0	0	0	0	0	0	0	0	0	0	0	0	0	0	0
Intestinimonas	0	0	0	0	0	0	0	0	0	0	0	0	0	0	2.68456375839	0	0	0	2.68456375839	0	0	0	0	0	0	0	0	0.335570469799	0.335570469799	0	0	0	0	0	0	0	0	0	0	0	0	0	0	0.838926174497	0.503355704698	0	0	6.04026845638	0	0	0	0	0	0	0	0	0	0	0	0	0	0	0	0	0	0	0	0	0	0	0	0	0	0	0	0	0	0	0	0	0	0	0	0	0	0	0	0	0	0
DTU089	1.84563758389	0	0	0	0	0	0	0	0	0	0	0	0	0	0	0	0	0	1.1744966443	0	0	0	0	0	0.838926174497	0	0	0	0	0	0	0	0	0	0	0	0	0	0	0	0	0	0	0	0	0	0	0.838926174497	0	0	0	0	0	0	0	1.34228187919	0	0	0	0	0	0	0	0	0	0	0	0	0	0	0	0	0	0	0	0.335570469799	0	0	0	1.0067114094	0	0	0	0	0	0	0	0	0	0
Flavonifractor	1.84563758389	1.0067114094	0.335570469799	0	0	0	1.0067114094	0	2.18120805369	0	0	0	0	0	0.503355704698	0	0	0	1.0067114094	0	0	0	0	0	0	0	0	0.335570469799	6.37583892617	0.167785234899	0	4.36241610738	0	1.67785234899	0	0.335570469799	0.838926174497	0	0	0	0	2.18120805369	0	0	5.53691275168	0	0	0	0	0	0	0	0	0	0	0	0	0	0	0	0	0	0	0	2.85234899329	2.18120805369	0	1.34228187919	0	0	0	0	0	0	0	1.34228187919	0	0	0	1.1744966443	0	0	0	3.85906040268	0	0	0	0	0	0
Holdemanella	0	0	0	0	0	0	0	0	0	0	0	5.20134228188	0	0	0	0	0	0	0	0	0	0	0	0	0	0	0	0	0	0	0	0	0	0	0	0	0	0	0	0	0	0	1.67785234899	0	0	0	4.53020134228	0	27.6845637584	0	8.38926174497	0	0	0	0	0	0	0	0	0	0	1.34228187919	0	0	0	0	0	0	0	0	0	0	0	0	0	0	0	0	0	0	4.86577181208	0	0	0	0	0	0	0	0	0
Marvinbryantia	0	0	0	0	0	0	0	0	0	0	0	0	1.34228187919	0	0	0	0	0	0	0	0	0	0	0	0	0	0.503355704698	0.335570469799	0	0	0	0	0	0	0	0.167785234899	0	0	0	0	0	0	0	0	0	0	0.167785234899	0	0	0	0	0	0	0	0	0	0	0	0	0	0	1.0067114094	0	0	0	0	0	0	0	0	0	0	0	0	0	0	0	0	0	0	0	0	0	0	0	0	0	0	0.335570469799	0
Butyricicoccus	0	0	0	0	0.503355704698	0	0.335570469799	0.335570469799	2.18120805369	0	0	0	0	0	0	0	1.1744966443	0	1.0067114094	0	0	0	0	0	0	0	5.87248322148	1.1744966443	0	0	0	0	0	0.503355704698	0	0	0	0	0	0	1.84563758389	2.85234899329	0	0.503355704698	0	0	0.503355704698	0	0.671140939597	0	0.167785234899	0	0	0	0	4.19463087248	0	0.167785234899	0	0	5.87248322148	0	0	0	1.51006711409	0.503355704698	0	0	0	0.335570469799	0	0	0.671140939597	0	0	0	39.7651006711	0	0	4.19463087248	0	0	0	0	1.67785234899	0.335570469799	0	0	0.838926174497	0
Senegalimassilia	0	0	0	0	0	0	0	0	0	2.51677852349	0	0	0	0	0	0	0	0	0	0	0	0	0	0	0	0	0	0	0	0	0	0	0	0	0	0	0	0	0	0	0	0	0	0	0	0	0.335570469799	0	0	0	0	0	0	0	0	0	0	0	0	0	0	1.67785234899	0	0	0	0	0	0	0	0	0	0	0	0	0	0	0	0	0	0	0	0	0	0	0	0	0	0	0	0
Catenibacterium	0	0	0	0	0	0	0	0	0	0	0	0	0	0	0	0	0	0	0	0	0	0	0	0	0	0	0	0	0	0	0	0	0	0	0	0	0	0	0	0	0	0	0	0	0	0	0	0	0	0	8.38926174497	0	0	0	0	0	0	0	0	0	0	3.35570469799	0	0	0	0	0	0	0	0	0	0	0	0	0	0	0	0	0	0	6.20805369128	0	0	0	0	0	0	0	0	0
CAG-56	0	0	0	0	0	0	0	0	0	0	0	0	0	0	0	0	0	0	0	0	0	0	0	0	0	0	0	0	0	0	0	0	0	0	0	0	0	0	0	0	0	0	0	0	0	0	1.67785234899	0	0	0	0	0	0	0	0	0	0	0.503355704698	0	0	0	0	0	0	0	0	0	0	0	0	0	0	0	0	0	0	0	0	0	0	0	0	0	0	0	0	0	0	5.53691275168	0
Anaerofilum	0	0	0	0	0	0	0	0	0	0	0	0	0	0	0	0	0	0	0	0	0	0	0	0	0	0	0	0	0.167785234899	0	0	0	0	0	0	0	0	0	0	0	0	0	0	0	0	0	0	0	0	0	0	0	0	0	0	0	0	0	0	0	0	0	0	0	0	0	0	0	0.335570469799	0	0	0	0	0	0	0	0	0	0	0	0.167785234899	0	0	0	0	0	0	0	0	0
[Eubacterium]_siraeum_group	0	0	0	0	0	0	0	0	0	0	0	0	0	0	0	0	0	0	0	0	0	0	0	0	0	0	0	2.34899328859	0.335570469799	0	0	0	0	0	0	0	0	0	0	0	0	0	0	0	0	0	0	0	0	0	0	0	0	0	0	0	0	0	0	0	0	0	0	0	0	0	0	0	0.335570469799	0	0	0	0	0	0	0	0	0	0	0	0	0	0	0	0	0	0	0	0	0
[Clostridium]_methylpentosum_group	0	0	0	0	0	0	0	0	0.167785234899	0	0	0	0	0	0	0	0	0	0	0	0	0	0	0	0	0	0	0.671140939597	0	0	0	0	0	0	0	0	0	0	0	0	0	0	0	0	0	0	0	0.503355704698	0	0	0	0	0	0	0	0	0	0	0	0	0	0	0	0	0	0	0	0	0	0	0	0	0	0	0	0	0	0	0	0	0	0	0	0	0	0	0	0	0	0
Family_XIII_UCG-001	0	0	0	0	0	0	0	0.167785234899	0	0	0	0	0	0	0	0	0	0	0	0	0	0	0	0	0	0	0	0.671140939597	0	0	0	0	0	0	0	0	0	0	0	0	0	0	0	0	0	0	0	0	0	0	0	0	0	0	0	0	0	0	0	0	0	0.503355704698	0	0	0	0	0	0	0	0	0	0	0	0	0	0	0	0	0	0	0	0	0	0	0	0	0	0	0	0
[Eubacterium]_nodatum_group	0	0	0	0	0	0	0	0.335570469799	0	0	0	0	0	0	0	0	0	0	0	0	0	0	0	0	0.671140939597	0	0	0.167785234899	0	0	0	0	0	0	0	0	0	0	0	0	0	0	0	0	0	0	0	0	0	0	0	0	0	0	0	0	0	0	0	0	0	0	0	0	0	0	0	0	0	0	0	0	0	0	0	0	0	0	0	0	0	0	0	0	0	0	0	0	0	0
Megamonas	0	0	0	0	8.38926174497	0	0	0	0	0	0	0	0	0	0	0	13.4228187919	0	0	0	0	0	0	0	0	0	0	0	0	0	0	0	0	0	0	0	0	0	0	0	0	0	47.8187919463	0	0	0	0	0	0	0	0	0	0	0	0	0	0	0	0	0	0	0	0	0	0	0	0	0	0	0	0	0	0	0	0	0	0	0	0	0	0	0	0	0	0	0	0	0	0	0
Sutterella	0	0	0	0	0	0	0	0	0	0	0	0	0	0	0	0	0	0	0	0	0	0	0	0	0	0	0	0	0	0	0	0	0	0	0	0	0	0	0	0	0	0	0	0	0	0	0	0	0	0	0	0	0	0	0	1.0067114094	0	0	0	0	0	0	0	0	0	0	0	0	3.69127516779	0	0	0	0	0	0	0	0	0	0	0	0	0	0	0	0	4.36241610738	0	0	0	0
Rothia	0	0	0	0	0	0	0	0	0	0	0	0	0	0	0	0	0	1.34228187919	0	0	0	0	0	0	0	0	0	0	0	1.0067114094	4.53020134228	0	0.671140939597	0	23.8255033557	0	0	0	0	0	0	0	0	1.84563758389	0	0	0	0	0	0	0	0	0	0	0	0	0	1.34228187919	0	0	0	0	0	0	0	0	0	0	0	0	0	0	0	0	0	0	0	0	0	0	0	0	0	0	0	0	0	0.671140939597	0	0.671140939597
Subdoligranulum	0	0	0	0.838926174497	1.34228187919	0	0	0	0	0	7.71812080537	5.03355704698	0	0	10.5704697987	0	9.89932885906	0	3.52348993289	0	1.51006711409	0	0	1.51006711409	9.56375838926	0	11.5771812081	13.0872483221	0	0	0	0	0	18.4563758389	0	0	0.167785234899	0	47.8187919463	7.88590604027	20.8053691275	7.38255033557	0	2.01342281879	18.7919463087	0	4.86577181208	0	3.02013422819	1.1744966443	5.70469798658	0	0	0	0.335570469799	15.9395973154	10.067114094	0	0	0	50.6711409396	1.1744966443	0	0	0	24.8322147651	1.51006711409	13.7583892617	0.167785234899	27.3489932886	0	0	0	0	0	0	1.51006711409	0	0	0	20.8053691275	0	0	11.5771812081	11.2416107383	0.838926174497	0	0	5.87248322148	0
Monoglobus	0	0	0	0	0	0	0	1.51006711409	0	1.34228187919	0	0	0	0	0	0	0.335570469799	0	0	0	0	0	0	0	0.167785234899	0	0.167785234899	2.01342281879	0	0	0	0	0	0	0	0	0	0	0	1.51006711409	0	0.838926174497	0	0	0.671140939597	0	0	0	0.167785234899	0	0	0	0	2.18120805369	0	0	0	0	0	0	0	0.167785234899	0	0	0	0.838926174497	0	0.671140939597	0	0	0	0	0	0	0	0	0	0	0	0	0	0	0	0	0	0	0	0	0	0
Erysipelotrichaceae_UCG-003	0	0	0	2.68456375839	0	0	0	0	0	0	0	0	0	0	0	0	12.0805369128	0	0	0	0	0	0	0	0.167785234899	0	0	0	0	0	0	0	0	0	0	0	0	0	0	0	0	0	2.18120805369	0	0	0	1.84563758389	0	8.05369127517	0	0	0	0	0	0	0	0	0	0	0	0	0	0	0	0	0	0	0	0	0	0	0	0	0	0	0	0	0	0	0	0	0	0	0	0	0	0	0	0	0
Clostridia_UCG-014	0	0	0	0	0	0	0	0	0	0	0	0.167785234899	0	0	0	0	0	0	0	0	0	0	0	0	0	0	0	2.68456375839	0	0	0	0	0	0	0	0	0	0	0	0	0	0	0	0	0	0	0	0	0	0	0.335570469799	0	0	5.36912751678	0	0	0	0	0	0	0	0.167785234899	0	0	0	0	0	0.335570469799	0	0	0	0	0	0	0	0	0	0	0	0	0	0	0	0	0	0	0	0	0	0
Atopobium	0	0	0	0	0	0	0	0	0	0	0	0	0	0	0	0	0	0	0	0	0.671140939597	0	0	0	0	0	0	0	0	0	0	0	0	0	10.4026845638	0	0	0	0	0	0	0	0	0	0	0	0	0	0	0	0	0	0	0	0	0	0	0	0	0	0	0	0	0	0	0	0	0	0	0	0	0	0	0	0	0	0	0	0	0	0	0	0	0	0	0	0	0	0	0
Libanicoccus	0	0	0	0	0	0	0	0	0	0	0	2.01342281879	0	0	0	0	0	0	0	0	0	0	0	0	0	0	0	0	0	0	0	0	0	0	0	0	0	0	0	0	0	0	0	0	0	0	0	0	0	0	0	0	0	0	0	0	0	0	0	0	0	1.51006711409	0	0	0	0	0	0	0	0	0	0	0	0	0	0	0	0	0	0	0	0	0	0	0	0	0	0	0	0
Enorma	0	0	0	0	0	0	0	0	0	0	0	0	0	0	0	0	0	0	0	0	0	0	0	0	0	0	0	0.335570469799	0	0	0	0	0	0	0	0	0	0	0	0	0	0	0	0	0	0	0	0	0	0	0	0	0	0	0	0.671140939597	0	0	0	0	0	0	0	0	0	0	0	0	0	0	0	0	0	0	0	0	0	0	0	0	0	0	0	0	0	0	0	0	0	0
Enterorhabdus	0	0	0	0	1.1744966443	0	0	0	0	0	0	0	0	0	0	0	0	0	0	0	0	0	0	0	0	0	0	0	0	0	0	0	0	0	0	0	0	0	0	0	0	0	0	0	0	0	0	0	0	0	0	0	0	0	0	0	0	0	0	0	0	0.503355704698	0	0	0	0	0	0	0	0	0	0	0	0	0	0	0	0	0	0	0	0	0	0	0	0	0	0	0	0
Coprobacter	0	0	0	0	0	0	0	0	0	0	0	0	0	0	0.335570469799	0	0	0	0	0	0	0	0	0	0	0	0	0	0	0	0	0	0	0	0	0	0	0	0	0	0	0	0	0	0	0	0	0	0	0	0	0	0	0	0	0	0	0	0	0	0	0	0	0	0	0	0	0.335570469799	0	0	0	0	0	0	0	0	0	0	0	0	0	0	0	0	0	0	0	0	0	0
Butyricimonas	0	0	0	0	0	0	0	0	0	0	0	0	0	0	0	0	0	0	0	0	0	0	0	0	0	0	0	0	0	0	0	0	0	0	0	0	0	0	0	0	0	0	0	0	0	0	0	0	0	0	0	0.335570469799	0	0	0	0	0	0	0	0	0	0	0	0	0	0	0	0	1.67785234899	0	0	0	0	0	0	0	0	0	0	0	0	0	0	0	0	0	0	0	0	0
Alloprevotella	0	0	0	0	0	0	0	0	5.87248322148	0	0	0	0	0	0	0	0	0	0	0	0	0	0	4.19463087248	0	0	0	0	0	0	0	0	0	0	0	0	0	0	0	0	0	0	0	0	0	0	0	0	0	0	0	0	0	0	0	0	0	0	0	0	0	0	0	0	0	0	0	0	0	0	0	0	0	0	0	0	0	0	0	0	0	0	0	0	0	0	0	0	0	0
Prevotellaceae_NK3B31_group	0	0	0	0	0	0	0	0	0	0.838926174497	0	0	0	0	0	7.55033557047	0	0	0	0	0	0	0	0	0	0	0	0	0	0	0	0	0	0	0	0	0	0	0	0	0	0	0	0	0	0	0	0	0	0	0	0	0	0	0	0	0	0	0	0	0	0	0	0	0	0	0	0	0	0	0	0	0	0	0	0	0	0	0	0	0	0	0	0	0	0	0	0	0	0
Rikenellaceae_RC9_gut_group	0	0	0	0	0	0	0	0	6.04026845638	0	0	0	0	0	0	0	0	0	0	0	0	0	0	0	0	0	0	0	0	0	0	0	0	0	0	0	0	0	0	0	0	0	0	0	0	0	0	0	0	0	0	0	0	0	0	0	0	0	0	0	0	0	0	0	0	0	0	0	0	0	0	0	0	0	0	0	0	0	0	0	0.838926174497	0	0	0	0	0	0	0	0	0
Desulfovibrio	0	0	0	0	0	0	0	0	0	0	0	0	0	0	0	0	0	0	0	0	0	0	0	0	0	0	0	0	0	0	0	0	0	0	0	0	0	0	0	0	0	0	0	0	0	0	0	0	0	0	0	0	0	0	0	0	0	0	0	0	0	0	0.671140939597	0	0	0	0	0	0	0	0	0	0	0	0	0	0	0	0	0	1.0067114094	0	0	0	0	0	0	0	0	0
Faecalicoccus	0	0	0	0	0	0	0	0	0	0	0	0	0	0	0	0	0	0	0	0	0	0	0	0	0	0	0	0	0	0	0	0	0	0	0	0	0	0	0	0	0	0	0	0	0	0	0	0	0	0	0	0	0	0	0	0	0	0	0	0	0	0	0.503355704698	0	0	0	0	0	1.1744966443	0	0	0	0	0	0	0	0	0	0	0	0	0	0	0	0	0	0	0	0	0
Lacticaseibacillus	0	0	0	0	0	1.0067114094	0	0	0	0	0	0	0	0	0	0	0	0	0	0	0	0	0	0	0	0	0	0	0	0.671140939597	0	0	0	0	0	0	7.88590604027	0	0	0	0	0	0	0	0	0	0	0	0	0	0	0	0	0	0	0	0	6.71140939597	8.22147651007	0	0.335570469799	0	0	0	0	0	0	0	0	0	0	0	0	0	0	0	0	0	19.7986577181	0	0	0.167785234899	0	0	0	0	0	0	0	0
Schleiferilactobacillus	0	0	0	0	0	0	0	0	0	0	0	0	0	0	0	0	0	0	0	0	0	0	0	0	0	0	0	0	0	0	0	0	0	0	0	0	0	0	0	0	0	0	0	0	0	0	0	0	0	0	0	0	0	0	0	0	0	0	0	0	0.167785234899	0	0	0	0	0	0	0	0	0	0	0	0	0	0	0	0	0	0.671140939597	0	0	0	0	0	0	0	0	0	0	0
Christensenella	0	0	0	0	0	0	0	0	0	0	0	0	0	0	0	0	0	0	0	0	0	0	0	0	0	0	0	0	0	0	0	0	0	0	0	0	0	0	0	0	0	0	0	0	0	0	0	0	0	0	0	0	0	0	0	0.503355704698	0	0	0	0	0	0	0	0	0	0	0	1.34228187919	0	0	0	0	0	0	0	0	0	0	0	0	0	0	0	0	0	0	0	0	0	0
Lachnospira	0.671140939597	0	0.838926174497	0	0	0	0	0	0	0	0	0	0	0	0	0	0	0	7.04697986577	0	0	0	0	0	0	0	0	0	0	0.503355704698	0	0	0	0	0	0	0	0	0	0	0	0	0	0	0	0	0.838926174497	0	0	0	0	0.335570469799	0	1.51006711409	0	0	0	0	0	0	0	0	0	0	0	0	0	0	0	0	0	0	0	0	0	0	0	0	0	0	0	0	0	0	0	0	0	0	6.20805369128	0
Shuttleworthia	0	0	0	0	0	0	0	0.503355704698	0	0	0	0	0	0	0	0	0	0	0	0	0	0	0	0	0	0	0	0	0	0	0	0	0	0	0	0	0	0	0	0	0	0	0	0	0	0	0	0	0	0	0	0	0	0	0	0.167785234899	0	0	0	0	0	0	0	0	0	0	0	0	0	0	0	0	0	0	0	0	0	0	0	0	0	0	0	0	0	0	0	0	0	0
[Eubacterium]_ruminantium_group	0	0	0	0	0	0	0	0	0.335570469799	0	0	0	0	0	0	0	0	0	0	0	0	0	0	0	0	0	0	0	0	0	0	0	0	0	0	0	0	0	0	0	0	0	0	0	0	0	0	0	0	0	0	0	0	0	0	0	0	0	0	0	0	1.1744966443	0	0	0	0	0	0	0	0	0	0	0	0	0	0	0	0	0	0	0	0	0	0	0	0	0	0	0	0
UCG-009	0	0	0	0	0	0	0	0	0	0	0	0	0	0	0	0	0	0	0	0	0	0	0	0	0	0	0	0.335570469799	0	0	0	0	0	0	0	0	6.54362416107	0	0	0	0	0	0	0	0	0	0	0	0	0	0	0	0	0	0	0	0	0	0	0	0	0	0	0	0	0	0	0	0	0	0	0	0	0	0	0	0	0	0	0	0	0	0	0	0	0	0	0	0	0
Pseudoflavonifractor	0	0	0	0	0	0	0	0	0	0	0	0	0	0	0	0	0	0	0	0	0	0	0	0	0	0	0	0.167785234899	0	0	0	0	0	0	0	0	0	0	0	0	0	0	0	0	0	0	0	0.167785234899	0	0	0	0	0	0	0	0	0	0	0	0	0	0	0	0	0	0	0	0	0	0	0	0	0	0	0	0	0	0	0	0	0	0	0	0	0	0	0	0	0	0
Anaerococcus	0	0	0	0	0	0	0	0	0	0	0	0	0	0	0	0	0	0	0	0	0	0.671140939597	0	0	0	0	0	0	0	0	0	0	0	0	0	0	0	0	0	0	0	0	0	0	0	0	0	0	0	0	0	0	0	0.167785234899	0	0	0	0	0	0	0	0	0	0	0	0	0	0	0	0	0	0	0	0	0	0	0	0	0	0	0	0	0	0	0	0	0	0	0	0
Clostridioides	0.335570469799	0	0	0	0	0	0	0	0	0	0	0	0	0	0	0	0	0	0	0	0	0	0	0	0	0	0	0	0	0	0	0	0	0	0	0	0	0	0	0	0	0	0	0	0	0	0	1.84563758389	0	0	0	0	0	0	0	0	0	0	0	0	0	1.67785234899	0	0	7.21476510067	0	0	0	0	0	0	0.167785234899	0	0	0	0	0	0	0	0	0	0	0	0	0	0	0	0	0	0
Terrisporobacter	0	0	0	0	0	7.71812080537	1.34228187919	0	0	0	0	0	0	0	0	0	0	0	0	0	0	0	0	0.671140939597	0	0	0	0	0	0	0	0	0	0	0	0	0	12.5838926174	0	0	0	0	0	0	0	0	0	0	0	0	0	0	0	0	0	0	0	0	0	0	0	0	0	0	0	0	0	0	0	1.1744966443	0	0	0	28.6912751678	0.167785234899	0	0	0	0	0	0	0	1.51006711409	0	0	0	0	0	0	0
Selenomonas	0	0	0	0	0	0	0	0	12.0805369128	0	0	0	0	0	0	0	0	0	0	0	0	0	0	0	0	0	0	0	0	0	0	0	0	0	0	0	0	0	0	0	0	0	0	0	0	0	0	0	0	0	0	0	0	0	0	0	0	0	0	0	0	0	1.67785234899	0	0	0	0	0	0	0	0	0	0	0	0	0	0	0	0	0	0	0	0	0	0	0	0	0	0	0
Saccharimonadaceae	0	0	0	0	0	0	0	0	0	0	0	0.167785234899	0	0	0	0	0.167785234899	0	0	0	0	0	0	0	0	0	0	0	0	0	0	0	0	0	0	0	0	0	0	0	0	0	0	0	0	0	0	0	0	0	0	0	0	0	0	0	0	0	0	0	0	0	0	0	0	0	0	0	0	0	0	0	0	0	0	0	0	0	0	0	0	0	0	0	0	0	0	0	0	0
TM7x	0	0	0	0	0	0	0	0	0	0	0	0	0	0	0	0	0	0.335570469799	0	0	1.84563758389	0	0	0	0	0	0	0	0	0	0	0	0	0	0	0	0	0	0	0	0	0	0	0	0	0	0	0	0	0	0	0	0	0	0	0	0	0	0	0	0	0	0	0	0	0	0	0	0	0	0	0	0	0	0	0	0	0	0	0	0	0	0	0	0	0	0	0	0	0
Parasutterella	0	0	2.68456375839	0	0	0	0	0	0	0	0	0	0	0	0	0	0	0	0	0	0	0	0	0	0	0	0	0	0	0	0	0	0	0	0	0	0	0	0	0	0	0	0	0	0	0	0	0	0	0	0	0	0	0	0	0	0	0	0	0	0	0	0	0	0	0	0	0	0	0	0	0	0	0	0	4.86577181208	0	0	0	0	0	0	0	0	0	0	0	0	0	0
Proteus	0	0	0	0	0	0	0	0	0	0	0	0	0	0	0	0	0	0	0	0	0	0	0	0	0	0	0	0	0	0	0	0	0	0	0	0	0	0	0	0	0	0	0	0	0	0	0	0	0	0	0	0	0	0	0	0	0.335570469799	0	0	0	0	0	0	0	0	0	0	0	0	0	0	6.20805369128	0	0	0	0	0	0	0	0	0	0	0	0	0	0	0	0	0	0
Anaerofustis	0.335570469799	0	0	0	0	0	0	0.503355704698	0	0	0	0	0	0	0	0.167785234899	0	0	0	0	0.167785234899	0	0	0	0	0	0	0.167785234899	0	0	0	0	0	0	0	0	0	0	0	0	0	0	0	0	0	0	0	0	0	0	0	0	0	0	0	0	0	0	0	0	0	0	0	0	0	0	0	0	0	0	0	0	0	0	0	0	0	0	0	0	0	0	0	0	0	0	0	0	0	0
Candidatus_Soleaferrea	0	0	0	0	0	0	0	0	0	0	0	0	0	0	0	0	0	0	0	0	0	0	0	0	0	0	0	0	0.167785234899	0	0	0	0	0	0	0	0	0	0	0	0	0	0	0	0	0	0	2.51677852349	0	0	0	1.0067114094	0	0	0	0	0	0	0	0	0	0	0	0	0	0	0	0	0	0	0	0	0	0	0.335570469799	0	0	0	0	0	0.335570469799	0	0	0	0	0	0	0	0	0
Acidaminococcus	0	0	0	0	0	0	0	0	0	0	0	0	0	0	0	0	0.167785234899	0	0	0	0	0	0	0	0	0	0	0	0	0	0	0	0	0	0	0	0	0	0	0.503355704698	0	0	0	0	0	0	0	0	0	0	0	0	0	0	0	0	0	0	0	0	0	0	1.34228187919	0	0	0	0	0	0	0	0	0	0	0	0	4.36241610738	0	0	0	0	0	0	0	0	0	0.503355704698	0	0	0	0
Gemella	0	0	0	0	0	0	0	0	0	0.335570469799	0	0	0	0	0	0	0	0	0	0	2.68456375839	0.167785234899	0	0	0	0	0	0	0	0.167785234899	0	0	0	0	0	0	0	0	0	0	0	0	0	0	0	0	0	0	0	0	0	0	0	0	0	0	0	0	0	0	0	0	0	0	0	0	0	0	0	0	0	0	0	0	0	0	0	0	0	0	0	0	0	0	0	0	0.167785234899	0	0	0
Paraprevotella	0	0	0	0	8.05369127517	0	0	0	0.167785234899	0	0	0	0	0	0.167785234899	0	0	0	0	0	0	0	0	0	0	0	0	0	0	0	0	0	0	0	0	0	0	0	0	0	0	0	0	0	0	0	0	0	0	0	0	0	0	0	0	0	0	0	0	0	0	0	0	8.89261744966	0	0.167785234899	0	0	0	0	0	0	0	0	0	0	0	0	0	0	0	0	0	0	0	0	0	0	0	0
[Eubacterium]_brachy_group	0	0	0	0.167785234899	0	0	0	0.167785234899	0	0	0	0	0	0	0	0	0.335570469799	0	0	0	0	0	0	0	0	0	0.503355704698	0	0	0	0	0	0	0	0	0	0	0	0	0	0	0	0	0	0	0	0	0	0	0	0	0	0	0	0	0	0	0	0	0	0	0	0	0	0	0	1.34228187919	0	0	0	0	0	0	0	0	0	0	0	0	0	0	0	0	0	0	0	0	0	0	0
Turicibacter	0	0	0	1.1744966443	0	0	0	0	0	4.36241610738	0	0	0	0	0	0.167785234899	0	0	0	0	0	0	4.86577181208	0	0	0	0	0.167785234899	0	0	0	0	0	0	0	0	0	4.69798657718	0	0	0	0.503355704698	0	0	0	0	0	0	0	0	0	0	0	0	0	0	0	0	0.335570469799	0	0	0	0	0	0	0	0	5.03355704698	0	0	0	0	0	0	0.838926174497	0	0	0	0	0.335570469799	0	0	0	0	0	0	2.18120805369	0	0	0
Sellimonas	2.18120805369	0	0.167785234899	0.671140939597	0	0.167785234899	0	0	0	2.68456375839	0	0	0	0	0	0	0	0	0	0	0	0	0	0	0.167785234899	0	0	0	0	0	0	0.671140939597	0	0	0	0	18.288590604	10.4026845638	0	0.167785234899	0	0.335570469799	0.167785234899	0.335570469799	3.02013422819	0	0	0	0	0	0	4.36241610738	0	0	0	0.671140939597	0	0	0	0	4.86577181208	0	0	0	0	0	9.39597315436	2.68456375839	0	0	0	0	1.1744966443	0	0	0	4.02684563758	0	0	0	0	13.9261744966	0	0	0	0	0	0	0	0
Intestinibacter	0	0	0	1.0067114094	0	0	3.69127516779	0	0	3.52348993289	0	0	0	0.167785234899	0	0	0	0	0	0	0	0	2.01342281879	0.838926174497	0	0	1.84563758389	0	0	0	0	0	0	0	0	0	0	4.02684563758	0	0	0	0	0	0	0	0	0.671140939597	0	0	0	0	0	0	0	0	0	0	9.73154362416	0	0	0	0	0	0	0	0	1.0067114094	0	0	0	0	0	0	0	0	0	0	0	2.34899328859	0	0	0	0	0	0	0	0	0	0	0
Barnesiella	0	0	0	0	0	0	0	0	0	0	0	0	0	0	0	0	0	0	0	0	0	0	0	0	0.671140939597	0	0	0.671140939597	0	0	0	0	0	0	0	0	0	0	0	0	3.35570469799	0	0	0	0	0	0	0	0	0	0	0	0	0	0	0	0	0	0	0	0	0	0	0	0	2.51677852349	0	0	2.85234899329	0	0	0.335570469799	0	0	0	0	0	0	0	0.503355704698	0	0	0	0	0	0	0	0	0	0
Lachnospiraceae_NK4A136_group	0	0	0	0	0.503355704698	0	0	0	0	0	0	0	0	0	0	0.167785234899	0	0	0	0	0	2.34899328859	0	0	0	0	0	0	0	0	0	0	0	0	0	0	0	0	0	0	0	3.52348993289	0	0	0	0	1.0067114094	0	0	1.34228187919	0	0	0	0	0	0	0	0	0	0	0	1.0067114094	0	0	0	0	0	0	0	0	0	0	0	2.68456375839	0	1.51006711409	0	0	0	0	0.503355704698	0	0	0	0	0	0	0	0	0
Scardovia	0	0	0	0	0	0	0	0	0	0	0	0	0	0	0	0	0	0	0	0	0	0	0	0	0	0	0	0	0	0	0	0	0	0	0	0	0	0	0	0	0	0	0	0	0	0	0	0	0	0	0	0	0	0	0	0	0	0	0	0	0	0	0	0	0	0	0	0	0	0	0	0	0	0	0	0	0	0	0	0	0	0	0	0	0	0	0	8.72483221477	0	0
Coriobacteriaceae_UCG-003	0	0	0	0	0	0	0	0	0	0	0	3.69127516779	0	0	0	0	0	0	0	0	0	0	0	0	0	0	0	0	0	0	0	0	0	0	0	0	0	0	0	0	0	0	0	0	0	0	0	0	0	0	0	0	0	0	0	0	0	0	0	0	0	0	0	0	0	0	0	0	0	0	0	0	0	0	0	0	0	0	0	0	0	0	0	0	0	0	0	0	0	0
Olsenella	0	0	0	0	0	0	0	0	0	0	0	1.67785234899	0	0	0	2.18120805369	0	0	0	0	0.167785234899	0	0	0	0	0	0	0	0	0	0	0	0	0	0	5.20134228188	0	0	7.88590604027	0	0	0	0	0	0	0	0	0	0	0	0	0	0	0	0	0	0	0	0	0	0	1.84563758389	1.34228187919	0	0	0	0	0	0	0	0	0	0	0	0	0	0	0	0	0	0	0	0	0	0	0	0	0	0	0
CHKCI002	0	0	0	0	0	0	0	0	0	0	0	0	0	0	0	0	0	0	0	0	0	0	0	0	0	0	0	0	0	0	0	0	0	0	0	0	0	0	0	0	0	0	0	0	0	0	0	1.1744966443	0	0	0	0	0	0	0	0	0	0	0	0	0	0	0	0	0	0	0	0	0	0	0	0	0	0	0	0	0	0	0	0	0	0	0	0	0	0	0	0	0	0
Gordonibacter	0	0	0	0	0	0	0	0.335570469799	0	2.18120805369	0	0	0	0.167785234899	0	0	0	0	0	0	0	0	0	0	0	0	0	0	0	0	0	0	0	0	0	1.1744966443	0	0	0	0	0	0	0	0	0	0	0	0	0	0	0	0	0	0	0	0	0	0	0	0	0	0	0	0	0	0	0	0	0	0	0	0	0	0	0	0	0	0	0	0	0	0	0	0	0	0	0	0	0	0
Odoribacter	0	0	0	0	0	0	0	0	0	0	0	0	0	0	0	0	0.167785234899	0	0	0	0	0	0	0	0	0	0	0	0	0	0	0	0	0	0	0	0	0	0	0	0	0	0	0	0.335570469799	0	0	0	0	0	0	0	0	0	0	0	0	0	0	0	0	0	0	0	0	0.335570469799	0	0	0	0	0	0	0	0	0	0	0	0	0	0	0	0	0	0	0	1.34228187919	0	0	0	0
Muribaculaceae	0	0	0	0	0	0	0	0	0	0	0	0	0	0	0	0	0	0	0	0	0	0	0	0	0	0	0	0	0	0	0	0	0	0	0	0	0	0	0	0	0	0	0	0	0	0	0	0	0	0	0	0	0	0	0	0	0	0	0	0	0	0	12.5838926174	0	0	0	0	0	0	0	0	0	0	0	0	0	0	0	0	0	0	0	0	0	0	0	0	0	0	0
Porphyromonas	0	0	0	0	0	0	0	0	0	0	0	0	0	0	0	0	0	0	0	0	0	0	0	0	0	0	0	0	0	0	0	0	0	0	0	0	0	0	0	0	0	0	0	0	0	0	0	0	0	0	0	0	0	0	0	0	0	0	0	0	0	0	0	0.671140939597	0	0	0	0	0	0	0	0	0	0	0	0	0	0	0	0	0	0	0	0	0	0	0	0	0	0
Campylobacter	0	0	0	0	0	0	0	0	0	0	0	0	0	0	0	0	0	0	0	0	0	0	0	0	0	0	0	0	0	0	0	0	0	0	0	0	0	0	0	0	0.167785234899	0	0	0	0	0	0	0	0	0	0	0	0	0	0	0	0	0	0	0	0	0	0	0	0	0	0	0	0	0	0	0	0	0	0	0	0	0	0	0	0	0	0	0	0	0	0	0	0	0
Gastranaerophilales	0	0	0	0	0	0	0	0	0	0	0	3.18791946309	0	0	0	6.54362416107	0	0	0	0	0	0	0	0	0.335570469799	0	0	0	0	0	0	0	0	0	0	0	0	0	0	0	0	0	0	0	0	0	0	0	0.503355704698	0	0	0	0	0	0	0	0	0	0	0	0	0	0	0	0	0	0	0	0	0	0	0	0	0	0	0	0	0	0	0	0	0	0	0	0	0	0	0	0	0
Anaerobacillus	0	0	0	0	0	0	0	0	0	0	0	0	0	0	0	0	0	0	0	0	0	0	0	0	0	0	0	0	0	0	0	0	0	0	0	0	0	0	0	0	0	0	0	0	0	0	0	0	0	0	0	0	0	0	0	0	0	0	0	0	0	0	0	0	0	0	0	0	0	0	0	2.34899328859	0	0	0	0	0	0	0	0	0	0	0	0	0	0	0	0	0	0
Bacillus	0	0	0	0	0	0	0	0	0	0	0	0	0	0	0	0	0	0	0	0	0	0	0	0	0	0	0	0	0	0	0	0	0	0	0	0	0	0	0	0	0	0	0	0	0	0	0	0	0	0	0	0	0	0	0	0	0	0	0	0	0	0	0	0	0	0	0	0	0	0	0	0.503355704698	0	0	0	0	0	0	0	0	0	0	0	0	0	0	0	0	0	0
Abiotrophia	0	0	0	0	0	0	0	0	0	0	0	0	0	0	0	0	0	0	0	0	0	0	0	0	0	0	0	0	0	0	0	0	0	0	0	0	0	0	0	0	0	0	0	0	0	0	0	0	0	0	0	0	0	0	0	0	0	0	0	0	0	0	0	0	0	0	0	0	0	0	0	0	0	0	0	0	0	0	0.503355704698	0	0	0	0	0	0	0	0	0	0	0
Fructilactobacillus	0	0	0	0	0	0	0	0	0	0	0	0	0	0	0	0	0	0.167785234899	0	0	0	0	0	0	0	0	0	0	0	0	0	0	0	0	0	0	0	0	0	0	0	0	0	0	0	0	0	0	0	0	0	0	0	0	0	0	0	0	0	0	0	0	0	0	0	0	0	0	0	0	0	0	0	0	0	0	0	0	0	0	0	0	0	0	0	0	0	0	0	0
Lactiplantibacillus	0	0	0	0	0.838926174497	0	0	0	0	0	0	0	0	0	0	0	0	0	0	0	0	0	0	0	0	0	0	0	0	0	0	0	0	0	0	0	0	0	0	0	0	0	0	0	0	0	0	0	0	0	0	0	0	0	0	0	0	0	0	0	0	0	0	0	0	0	0	0	0	0	0	0	0	0	0	0	0	0	0	0	0	0	0	0	0	0	0	0	0	0
Staphylococcus	0	0	0	0	0	0	0	0	0	0	0	0.167785234899	0	0	0	0	0	0	0	0	0.838926174497	0	0	0	0	1.51006711409	0	0	0	0	0	0	0	0	0	0	0	0	0	0	0	0	0	0	0	0	0	0	0	0	0	0	0	0	0	0	0	0	0	0	0	0	0	0	2.34899328859	0	0	0	0	0	0	0	0	0	0.503355704698	0	0	0	13.9261744966	0	0	0	0	0	0	0	0	0	0	0.838926174497
Catabacter	0	0	0	0	0	0	0	0	0	0	0	0	0	0	0	0.335570469799	0	0	0	0	0	0	0	0	0	0	0	0	0	0	0	0	0	0	0	0	0	0	0	0	0	0	0	0	0	0	0	0	0	0	0	0	0	0	0	0	0	0	0	0	0	0	0	0	0	0	0	0	0	0	0	0	0	0	0	0	0	0	0	0	0	0	0	0	0	0	0	0	0	0
Clostridium_sensu_stricto_2	0	0	0	0	0	0	0	0	0	0	0	0	0	0	0	0	0	0	0	0	0	0	0	0	0	0	0	0	0	0	0	0	0	0	0	0	0	0	0	0	0	0	0	0	0	0	0	0	0	0	0	0	0	0	0	0	0	0	0	0	0	0	0	0	0	0	0	0	0	0	0	0	0	0	0	0	0	0	0	0	0	0	14.0939597315	0	0	0	0	0	0	0
Anaerostignum	0	0	0	0	0	0	0	0	0	0	0	0	0	0	0	0	0	0	0	0	0	0	0	0	0	0	0	0	0.167785234899	0	0	0	0	0	0	0	0	0	0	0	0	0	0	0	0	0	0	0	0	0	0	0	0	0	0	0	0	0	0	0	0	0	0	0	0	0	0	0	0	0	0	0	0	0	0	0	0	0	0	0	0	0	0	0	0	0	0	0	0	0
Anaerostipes	2.34899328859	0	0	3.69127516779	0	0	0	7.04697986577	0	5.53691275168	3.18791946309	4.02684563758	0	4.19463087248	0	1.0067114094	0	0	0	0	0	0	4.19463087248	8.55704697987	0.335570469799	0	0	0	0	0	0	0	0	0	0	0	0	0	0	0	0	0	0.503355704698	0	0.671140939597	0	1.51006711409	0	0	10.7382550336	0.335570469799	0	0	0	0	0	0	0	1.34228187919	0	0.167785234899	0	0	0	0	0	0.335570469799	0	0	0	0	0	0	0	1.67785234899	0	0	0	0	9.89932885906	0	0	0	0	0	0	0.167785234899	0	0	0
CHKCI001	0	0	0	0	0	0	0	0	0	0	0	0	0	0	0	0	0	0	0	0	0	0	0	0	0	0	0	0	0	0	0	0	0	0	0	0	0	0	0	0	0	0	0	0	0	0	0	0	0	0	0	0	0	0	0	0	0	0.335570469799	0	0	0	0	0	0	0	0	0	0	0	0	0	0	0	0	0	0	0	0	0	0	0	0	0	0	0	0	0	0	0	0
Cellulosilyticum	0	4.19463087248	0	0	0	0	0	0	0	0	0	0	0	0	0	0	0	0	0	0	0	0	0	0	0	0	0	0	0	0	0	0.167785234899	0	0	0	0	0	0	0	0	0	0	0	0	0	0	0	0	0	0	0	0	0	0	0	0	0.335570469799	0	0	0	0	0	0	0	0	0	0	0	0	0.335570469799	0	0	0	0	0	0	0	0	0	0	0	0	0	0	0	0	0	0	0	0
GCA-900066755	0	0	0	0	0	0	0	0	0	0	0	0	0	0	0	0	0	0	0	0	0	0	0	0	0	0	0	0	0	0	0	0	0	0	0	0	0	0	0	0	0	0	0	0	0	0	0	0	0	0	0	0	0	0	0	1.0067114094	0	0	0	0	0	0	0	0	0	0	0	0	0	0	0	0	0	0	0	0	0	0	0	0	0	0	0	0	0	0	0	0	0	0
Lachnoanaerobaculum	0	0	0	0	0	0	0	0	0	0	0	0	0	0	0	0	0	0	0	0	0	0	0	0	0	0	0	0	0	0	0	0	0	0	0	0	0	0	0	0	0	0	0	0	0	0	0	0	0	0	0	0	0	0	0	0	0	0	0	0	0	0	0	0	0	0	0	0	0	0	0	0	0	0	0	0	0	0	0	0	0	0	0	0	0	0	0	11.744966443	0	0
Lachnospiraceae	0	0	0	0	0	0	0	0	0	0	0	0	0	0	0	0	0	0	0	0	0	0	0	0	0	0	0	0	0	0	0	0	0	0	0	0	0	0	0	0	0	0	0	0	0	0	0	0	0	0	0	0	0	0	0	0	0	0	0	0	0	0	0	0	0	0	0	0	0	0	0	0	0	0	0	0	0	0	0	0.671140939597	0	0	0	0	0	0	0	0	0	0
Lachnospiraceae_UCG-004	0	0	0	0	0	0	0	0	0	0	0	0	0	0	0	0.671140939597	0	0	1.1744966443	0	0	0	0	0	0	0	0	0	0	0	0	0	0	0	0	0	0	0	0	0	0	0	0	0	0	0	0	0	0	0	0	0	0	0	0	0	0	0	0	0	0	0	0	0	0	0	0.167785234899	0	0	0	0	0	0	0	0	0	0	0	0	0	0	0	0	0	0	0	0	0	0.671140939597	0
Lachnospiraceae_UCG-008	0	0	0	0	1.51006711409	0	0	0	0	0	0	0	0	0	0	0	0	0	0	0	0	0	0	0	0	0	0	0	0	0	0	0	0	0	0	0	0	0	0	0	0	0	0	0	0	0	0	0	0	0	0	0	0	0	0	0	0	0	0	0	0	0	0	0	0	0	0	0	0	0	0	0	0	0	0	0	0	0	0	0	0	0	0	0	0	0	0	0	0	0
Oribacterium	0	0	0	0	0	0	0	0	0	0	0	0	0	0	0	0	0	0	0	0	0	0	0	0	0	0	0	0	0	0	0	0	0	0	0	0	0	0	0	0	0	0	0	0	0	0	0	0	0	0	0	0	0	0	0	0	0	0	0	0	0	0	0	0	0	0	0	0	0	0	0	0	0	0	0	0	0	0	0	0	0	0	0	0	0	0	0	15.1006711409	0	0
Robinsoniella	0	7.88590604027	0	0	0	0	0	0	0	0	0	0	0	0	0	0	0	0	0	0	0	0	0	0	0	0	0	0	0	0	0	0	0	0	0	0	0	0	0	0	0	0	0	0	0	0	0	0	0	0	0	0	0	0	0	0	0	0	0	0	0	0	0	0	0	0	0	0	0	0	0	0	0	0	0	0	0	0	0	0	0	0	0	0	0	0	0	0	0	0
UC5-1-2E3	0	0	0	0	0	0	0	0	0	0	0	0	0	0	0	0	0	0	0	0	0	0	0	0	0	0	0	0	0	0	0	0	0	0	0	0	0	0	0	0	0	0	0	0	0	0	0	0	0	0	0	0	0	0	0	0	0	0	0	0	0	0	0	0	0	0	0	0	0	0	0	0	0	0	0	0.335570469799	0	0	0	0	0	0	0	0	0	0	0	0	0	0
[Eubacterium]_fissicatena_group	0	0	0	0	0	0	0	0	0	0	0	0	0	0	0	0	0	0	0	0	0	0	0	0	0	0	0	0	0	0	0	0	0	0	0	0	0	0.167785234899	0	0	0	0	0	0	0	0	0	0	0	0	0	0	0	0	0	0	0	0	0	0	0	0	0	0	0	0	0	0	0	0	0	0	0	0	0	0	0	0	0	0	0	0	0	0	0	0	0	0	0	0
[Eubacterium]_xylanophilum_group	0	0	0	0	0	0	0	0	0	0	0	0	0	0	0	0	0	0	0	0	0	0	0	0	0	0	0	0.838926174497	0	0	0	0	0	0	0	0	0	0	0	0	0	0	0	0	0	0	0	0	0	0	0	0	0	0	0	0	0	0	0	0	0	0	0	0	0	0	0	0	0	0	0	0	0	0	0	0	0	0	0	0	0	0	0	0	0	0	0	0	0	0
Ruminiclostridium	0	0	0	0	0	0	0	0	0	0	0	0	0	0	0	0	0	0	0	0	0	0	0	0	0	0	0	0	0.335570469799	0	0	0	0	0	0	0	0	0	0	0	0	0	0	0	0	0	0	0	0	0	0	0	0	0	0	0	0	0	0	0	0	0	0	0	0	0	0	0	0	0	0	0	0	0	0	0	0	0	0	0	0	0	0	0	0	0	0	0	0	0
Paludicola	0	0	0	0	0	0	0	1.0067114094	0.335570469799	1.0067114094	0	0	0	0	0	0	0	0	0	0	0	0	0	0	0.503355704698	0	0	0	0	0	0	0	0	0	0	0	0	0	0	0	0	0	0	0	0	0	0	0	0	0.335570469799	0	0	0	17.4496644295	0	1.0067114094	0	0	0	0	0	0	0	0	0	0	0	0	0	0	0	0	0	0	0	0	0	0	0	0	0	0	0	0	0	0	0	0	0	0
Phocea	0	0	0	0	0	0	0	0	0	0	0	0	0	0	0	0	0	0	0.838926174497	0	0	0	0	0	0	0	0	0	0	0	0	0	0	0	0	0	0	0	0	0	0	0	0	0	0	0	0	0	0	0	0	0	0	0	0	0	0	0	0	0	0	0	0	0	0	0	0	0	0	0	0	0	0	0	0	0	0	0	0	0	0	0	0	0	0	0	0	0	0	0
S5-A14a	0	0	0	0	0	0	0	0	0	0	0	0	0	0	0	0	0	0	0	0	0	0	0	0	0	0	0	0	0	0	0	0	0	0	0	0	0	0	0	0	0.335570469799	0	0	0	0	0	0	0	0	0	0	0	0	0	0	0	0	0	0	0	0	0	0	0	0	0	0	0	0	0	0	0	0	0	0	0	0	0	0	0	0	0	0	0	0	0	0	0	0	0
Murdochiella	0	0	0	0	0	0	0	0	0	0	0	0	0	0	0	0	0	0	0	0	0	0	0	0	0	0	0	0	0	0	0	0	0	0	0	0	0	0	0	0	0.335570469799	0	0	0	0	0	0	0	0	0	0	0	0	0	0	0	0	0	0	0	0	0	0	0	0	0	0	0	0	0	0	0	0	0	0	0	0	0	0	0	0	0	0	0	0	0	0	0	0	0
Peptoniphilus	0	0	0	0	0	0	0	0	0	0	0	0	0	0	0	0	0	0	0	0	0.838926174497	1.1744966443	0	0	0	0	0	0	0	0	0	0	0	0	0	0	0	0	0	0	0	0	0	0	0	0	0	0	0	0	0	0	0	0	0	0.167785234899	0	0	0	0	0	0	0	0	0	0	0	0	0	0	0	0	0	0	0	0	0	0	0	0	0	0	0.335570469799	0	0	0	0	0	0	0
Allisonella	0	0	0	0	0	0	0	0	0	0	0	0	0	0	0	0	0.671140939597	0	0	0	0	0	0	0	0	0	0	0	0	0	0	0	0	0	0	0	0	0	0	0	0	0	0	0	0	0	0	0	0	0	0	0	0	0	0	0	0	0	0	0	0	0	0	0	0	0	0	0	0	0	0	0	0	0	0	0	0	0	0	0	0	0	0	0	0	0	0	0	0	0
Anaeroglobus	0	0	0	0	0	0	0	0	0	0	0	0	0	0	0	0	0	0	0	0	0	0	0	0	0	0	0	0	0	0	0	0	0	0	0	0	0	0	0	0	0	0	0	0	0	1.0067114094	0	0	0	0	0	0	0	0	0	0	0	0	0	0	0	0	0	0	0	0	0	0	0	0	0	0	0	0	0	0	0	0	0	0	0	0	0	0	0	0	0	0	0	0
Leptotrichia	0	0	0	0	0	0	0	0	0	0	0	0	0	0	0	0	0	0	0	0	0	0	0	0	0	0	0	0	0	0	0	0	0	0	0	0	0	0	0	0	0	0	0	0	0	0	0	0	0	0	0	0	0.503355704698	0	0	0	0	0	0	0	0	0	0	0	0	0	0	0	0	0	0	0	0	0	0	0	0	0	0	0	0	0	0	0	0	0	0	0	0	0
Eikenella	0	0	0	0	0	0	0	0	0	0	0	0	0	0	0	0	0	0	0	0	0	0	0	0	0	0	0	0	0	0	0	0	0.167785234899	0	0	0	0	0	0	0	0	0	0	0	0	0	0	0	0	0	0	0	0	0	0	0	0	0	0	0	0	0	0	0	0	0	0	0	0	0	0	0	0	0	0	0	0	0	0	0	0	0	0	0	0	0	0	0	0	0
Raoultella	0	0	0	0	0	0	0	0	0	0	0	0	0	0	0	0	0	0	0	0	0.335570469799	0	0	0	0	0	0	0	0	0	0	0	0	0	0	0	0	0	0	0	0	0	0	0	0	0	0	0	0	0	0	0	0	0	0	0	0	0	0	0	0	0	0	0	0	0	0	0	0	0	0	0	0	0	0	0	0	0	0	0	0	0	0	0	0	0	0	0	0	0
Hafnia-Obesumbacterium	0	0	0	0.503355704698	0	0	0	0	0	0	0	0	0	0	0	0	0	0	0	0	0	0	0	0	0	0	0	0	0	0	0	0	0	0	0	0	0	0	0	0	0	0	0	0	0	0	0	0	0	0	0	0	0	0	0	0	0	0	0	0	0	0	0	0	0	0	0	0	0	0	0	0	0	0	0	0	0	0	0	0	0	0	0	0	0	0	0	0	0	0
Succinivibrio	0	0	0	0	0	0	0	0	0	0	0	0	0	0	0	0	0	0	0	0	0	0	0	0	0	0	0	0	0	0	0	0	0	0	0	0	0	0	0	0	0	0	0	0	0	0	0	0	0	0	0	0	0	0	0	0	0	0	0	0	0	0.167785234899	0	0	0	0	0	0	0	0	0	0	0	0	0	0	0	0	0	0	0	0	0	0	0	0	0	0	0	0
Serratia	0	0	0	0	0	0	0	0	0	0	0	0	0	0	0	0	0	0	0	0	0	0	0	0	0	0	0	0	0	0	0	5.20134228188	0	0	0	0	0	0	0	0	0	0	0	0	0	0	0	0	0	0	0	0	0	0	0	0	0	0	0	0	0	0	0	0	0	0	0	0	0	0	0	0	0	0	0	0	0	0	0	0	0	0	0	0	0	0	0	0	0	0
Acinetobacter	0	0	0	0	0	0	0	0	0	0	0	0	0	0	0	0	0	0	0	0	0	0	0	0	0	0	0	0	0	0	0	0	0	0	0	0	0	0	0	0	0	0	0	0	0	0	0	0	0	0	0	0	0	0	0	0	0	0	0	0	0	0	0	0	0	0	0	0	0	0	0	0.167785234899	0	0	0	0	0	0	0	0	0	0	0	0	0	0	0	0	0	0
Pseudomonas	0	0	0	0	0	0	0	0	0	0	0	0	0	0	0	0	0	0	0	0	0	0	0	0	0	0	0	0	0	0	0	0	0	0	0	0	0	0	0	0	0	0	0	0	0	0	0	0	0	0	0	0	0	0	0	0	0	0	0	0	0	0	0	0	0	0	0	0	0	0	0	11.2416107383	0	0	0	0	0	0	0	0	0	0	0	0	0	0	0	0	0	0
Stenotrophomonas	0	0	0	0	0	0	0	0	0	0	0	0	0	0	0	0	0	0	0	0	0	0	0	0	0	0	0	0	0	0	0	0	0	0	0	0	0	0	0	0	0	0	0	0	0	0	0	0	0	0	0	0	0	0	0	0	0	0	0	0	0	0	0	0	0	0	0	0	0	0	0.167785234899	0	0	0	0	0	0	0	0	0	0	0	0	0	0	0	0	0	0	0
UCG-003	0	1.34228187919	0	0	0	0	0	0	0	0	0	0	0	0	0	0.503355704698	0	0	0.671140939597	0	0	0	0	0	0	0	0	0	0	0	0	0	0	0	0	0	0	0	0	0	0.503355704698	0	0	0	0	0	0	0	0	0	0	0	0	0	0	0	0	0	0	0	0	0	0	0	0	0	0	0	0	0	0	0	0	0	0	0	0	0	0	0	0	0	0	0	0	0	0	0	0	0
Veillonella	0	16.7785234899	0	0	0	0.503355704698	0	0.167785234899	0	0	0	0	0.503355704698	0	0	0	0	0	0	0	0.167785234899	0	15.1006711409	0	0	0	0	0	0	0	0	7.21476510067	10.7382550336	0	0	0	0	3.02013422819	0	2.68456375839	0	10.2348993289	0	0	0	0	0.167785234899	1.67785234899	0	0	0	0	27.5167785235	0	0	0	2.51677852349	0	0	0	0	0	7.04697986577	0	0	0	0	0	0	0	0	0	0	0	0	9.39597315436	0	0	0	0	0	0	0	0	0	0	0	0	0	0
Enterobacter	0	0	0	0	0	0	0	0	0	0	0	0	0	0	0	0	0	0	0	0	0	0	0	0	0	0	1.34228187919	0	0	0	91.7785234899	4.86577181208	0	0	0	0	0	0	0	0	0	0	0	0	0	0	0	0	0	0	0	0	0	0	0.671140939597	0	0	0	0	0	0	0	0	0	0	0	0	0	0	0	45.1342281879	0	0	0	0	0	0	11.744966443	0	0	0	0	0	0	0	0	0	0	0	0
Lachnospiraceae_NC2004_group	0	0	0	0	0	0	0	0	0.167785234899	0	0.838926174497	0.167785234899	0.503355704698	0	0	0.335570469799	0.167785234899	0	0	0	0	0	0	0	0	0	0	0	0	0	0	0	0	0	0	0	0	0.503355704698	0	0	0.335570469799	0.167785234899	0	0	0.167785234899	0	0	0	0	0.671140939597	0	0	0	0	0	0	0	0	0	0	0.167785234899	0	0	0	0	0.671140939597	0	0	0	0	0	0	0.335570469799	0	0	0	0	0	0	0.167785234899	0	0	0	0	0	0	0	0	0	0
Eggerthella	0	0	0	0	0	0	2.68456375839	4.36241610738	0	5.53691275168	0	0	4.86577181208	0	0	0	0	0	0	0	0	0	9.22818791946	0	3.18791946309	0	0	0	0	0	0	0	1.84563758389	0	0	2.01342281879	0	0	0	0	0	0	0	1.1744966443	1.34228187919	0	0	0	3.18791946309	0	0	2.34899328859	0	0	0	0	1.67785234899	0	1.0067114094	11.5771812081	0	0	0	0	0	4.02684563758	2.68456375839	0	0	0	0	0	37.0805369128	10.067114094	4.53020134228	0.838926174497	0	0	0	0	1.1744966443	0	1.67785234899	9.06040268456	0	1.84563758389	0	0	0	0
Lactococcus	0	0	0	0	0	0	0	0	0	0	0	0	0	0	0	0	0	0	0	0	0.167785234899	0	0	0	1.1744966443	0	0	0	0	0	0	0	0	0	0	0	0	0	0	0	0	0	0	0	0	0	0	0	0	13.255033557	0	0	0	0	0	0	0	0	0	0	0	0	0	0	0	0.503355704698	0	0	0	0	0	0	0	0	0	0	0	52.8523489933	0	0	0	0	0	0.671140939597	0	0	0	0	0	0
Leuconostoc	0	0	0	0	0	0	0	0	0	0	0	0	0	0	0	0	0	0	0	0	0	0.167785234899	0	0	0	0	0	0	0	0	0.503355704698	0	0	0	0	0	0	2.85234899329	0	0	0	0	0	0	0	0.167785234899	0	0	0	0	0	0	0	0	0	0	0	0	0	0	0	0	0	0	0	0	0	0	0	0	0	0	0	0	0	0	0	0	0	0.838926174497	0	0	0	0	0	0	0.335570469799	0	0	0
Faecalitalea	0	0	0	0.167785234899	0	0	0	0	0	0	0	0	0	0	0	0	0.503355704698	0	0	0	0	0	0	0	0	0	0	0	0	0	0	0	0	0	0	0.671140939597	0	0	0	0	0	0	0	0	0	0	0	0	0	0	0	13.5906040268	0	0	0	0	0	0	0	0	0	0	0	0	0	0	0	0	0	0	0	0	0	11.0738255034	0	0	0	0	0	1.51006711409	0	0	0	0	0	0	0	0	0	0
Adlercreutzia	0	0	0	0	0	0	0	0	0	0	0	1.51006711409	0	0	1.0067114094	0	0	0	0	0	0	0	0	0	0	0	0.838926174497	0	0	0	0	0	0	0	0	0	0	0	0	3.35570469799	1.51006711409	0	0	0	0	0	0	0	3.69127516779	0	0	0	0	0	0	0	0	0	0	0	0	0	0	0	0	0	0	0	0	0	0	0	0	0	0	0	0	0	0	0	0	0	0	0	0	0	0	0	0	0
Catenibacillus	0	0	0	0	0	0	0	0	1.1744966443	0	0	0	1.67785234899	0	0	0	0	0	0	0	0	0	0	0	0	0	0	0	0	0	0	0	0	0	0	0	0	0	0	0	0	0.167785234899	0	0	0	0	0	0	0	0	0	0	0	0	0	1.34228187919	0	1.51006711409	0	0	0	0	0	0	0	0	0	0	0	0	0	0	0	0	0	0	0	0	0	0	0	0	0	0	2.34899328859	0	0	0	0	0
[Ruminococcus]_gnavus_group	2.85234899329	0	0	2.01342281879	0	2.51677852349	6.71140939597	0	0	1.67785234899	0	0	8.38926174497	0	0	0	0	0	0	0	0	3.52348993289	0	8.55704697987	0	0	0	0	0	1.0067114094	0	0	2.85234899329	1.51006711409	0	0	0	5.87248322148	0	0	0	0.503355704698	0	0.335570469799	0	0.838926174497	0	4.02684563758	0	0	0	0	2.85234899329	0.671140939597	4.36241610738	0	0	0	16.2751677852	7.71812080537	0	0	0	17.2818791946	12.5838926174	2.68456375839	0	0	0	0	0	3.02013422819	0	0	0	0	0	0	0	0	0	0	0	0	0	0	26.8456375839	0	0	0
Megasphaera	0	0	0	0	0	0	0	0	0	0	0	0	0	3.02013422819	0	0	0.335570469799	0	0	0	0	0	0	0	0	0	0	0	0	0	0	0	0	0	0	0	0	0	6.20805369128	0	0	0	12.0805369128	0	0	0	0	0	0	0	0	0	7.88590604027	0	0	0	0	0	0	0	0	0.167785234899	8.72483221477	2.01342281879	0	0	0	0	0	0	0	0	0	0	0	9.56375838926	0	0	0	0	0	0	0	0	0	0	0	1.34228187919	0	0
Tyzzerella	4.19463087248	0	0	0	0	0	2.18120805369	0	0	0	0	0	0	1.1744966443	0	0	0	0.671140939597	0	0	0.167785234899	11.2416107383	5.53691275168	0	0.167785234899	0	0	0	4.53020134228	0	0	3.85906040268	0	0	0	0	0	0	0	0	0	0	0	0.335570469799	7.55033557047	0	0	0	0	0	0	0	0	0	0	0	0	0	0	0	0	0	0	0	0	0	0	0	0	0	0	0	0	0	0	0	0	0	0	0	0	0	19.7986577181	8.05369127517	0	0	0	0	0	0
Erysipelotrichaceae	0	0	0	0	0	0	0	0	0	0	0	0	0	0	0	0	0	0	0	0	0	0	0	0	0	0	0	0	0	0	0	0	0	0	0	0	0	0	0	0	0	3.35570469799	0	0	0	0	0	0	0	0	0	0	0	4.53020134228	0	0	0	0	0	0	4.86577181208	0	0	0	0	0	0	0	0	0	0	0	0	0	0	0	0	0	0	0	0	0	0	0	0	0	0	0	0	0
Streptococcus	15.9395973154	0	16.7785234899	1.84563758389	3.35570469799	0.167785234899	1.84563758389	0	0	5.70469798658	0.335570469799	0	0	1.67785234899	1.0067114094	0	5.87248322148	2.34899328859	0.167785234899	0	0	0	0	3.18791946309	0	4.69798657718	1.34228187919	0	0	13.4228187919	2.68456375839	6.87919463087	6.54362416107	0.335570469799	60.5704697987	28.0201342282	2.01342281879	0.167785234899	0	4.02684563758	0	0.167785234899	0	1.67785234899	1.0067114094	0	0.838926174497	8.38926174497	7.88590604027	14.5973154362	0	0	3.52348993289	0	0.838926174497	0	0	36.9127516779	0	0	0.671140939597	3.52348993289	0	0	0	0	1.67785234899	0.671140939597	0	0.167785234899	0	0	0	0	0.335570469799	0	0	5.87248322148	7.04697986577	0	0	7.38255033557	13.4228187919	0	0	0	13.0872483221	35.5704697987	0	0
Haemophilus	0	0	0	0	0	0	0	0	0	0	0	0	0	0	0	0	0	0	0	0	0	0	0	0	0	0	0	0	0	2.85234899329	0	0	0	0	0	0	0	0	0	0	0	0	0	0	0	0	0	0	0	0	0	0	2.51677852349	0	0	0	0	0	0	0	0	0	0	0	0	0	0	0	0	0	0	0	0	0	0	0	0	0	0	0	0	7.38255033557	0	0	0	0	0	0	0	0
Helicobacter	0	0	0	0	0	0	0	0	0	0	0	0	0	10.067114094	0	0	0	0	0	0	0	0	0	0	0	0	0	0	0	0	0	0	0	0	0	0	0	0	0	0	0	0	0	0	0	0	0	0	0	0	0	0	0	0	0	0	0	0	0	0	0	0	6.04026845638	0	0	0	0	0	0	0	0	0	0	0	0	0	0	0	1.1744966443	0	0	0	0	0	0	0	0	0	0	0
Eubacterium	0	0	0	0	0	0.671140939597	0	0	0	0	0	0	0	0	0	0	0	0	0	0	0	0	0	0	0	0	0	0	0	0	0	0	0	0	0	0	0	0	0	0	0	0	0	0	0	0	0	0	0	0	0	1.84563758389	0	0	0	0	0	0	0	0	0	0	0	0	0	0	0	0	0	0	0	0	0	0	0	0	0	0	0	0	0	0	0	0	0	0.167785234899	0	0	0	0
Caproiciproducens	0	0	0	0	0	0	0	0	0	0	0	0	0	0	0.335570469799	0	0	0	0	0	0	0	0	0	0	0	0	0	0	0	0	0	0	0	0	0	0	5.53691275168	0	0	0	0	0	0	0	0	0	0	0	0	0	0	0	0	0	0	0	0	0	0	0	0	0	0	0	0	0	0	0	0	0	0	0	0	0	0	0	0	0	0	0	0	0.838926174497	0	0	0	0	0	0	0
Klebsiella	0	0	0	0	0	0	0	0	0	0	0	0	0	0	0	0	0	0	0	0	0.838926174497	0	0	0	0	0	0	0	0	0	0	0	0	0	0	0	0	0	0	0	0	0	0.167785234899	0	0	0	0	0	0	0	0	0	0	0	0	0	0	0	0	0	0	0	0	0	0	0	0	0	0	0.167785234899	0	0	0	0	0	0	0	0	0	0	0	0	0	0	0	0	0	0	0	0
Citrobacter	0	3.02013422819	0	0	0	0	0	0	0	0	0	0	0	0	0	0	0	0	0	0	0	0	3.02013422819	0	0	0	0	0	0	0	0	0	0	0	0	0	2.68456375839	0	0	0	0	0	0	0	0	0	0	0	0	0	0	0	0	0	0	0	0	0	0	0	0	0	0	0	0	0	0	0	0	0	0	0	0	0	0	0	0	0	0	0	0	0	0	0	0	0	0	0	0	0
Anaerosporobacter	0	0	0	0	0	0	0	0	0	0	0	0	0	0	0	0	0	0	0	0	0	0	0	0	0	0	0	0	0	0	0	0.671140939597	0	0	0	0	0	0	0	0	0	0.838926174497	0	0	0	0	0	0	0	0	0	0	0	0	0	0	12.4161073826	0	0	0	0	0	0	0	0	0	0	0	0	0	0	0	0	0	0	0	0	0	0	0	0	0	0	0	0	0	0	0	0	0
Hungatella	0	1.51006711409	0	0	0	0	0	0	0	0	0	0	0	0	0	0.335570469799	0	0	0	0	0	0	0	1.67785234899	0	0	0	0	0	0	0	0	0.503355704698	0.838926174497	0	0	0.671140939597	0	0	0	0	0	0	0	0	0	0.167785234899	2.34899328859	0	0	0	0	0	9.56375838926	0	0	0	0	6.87919463087	0	0	1.0067114094	0	0	0	0	0	0	0	0	0	0	0	0	0	0	0	0	0	0	0	0	0	0	0	6.87919463087	0	0	0	0
Fusobacterium	0	0	0	1.0067114094	0	0	0	0	0	0	0	0	0	0	0	0	0.838926174497	0	0	0	0	0.167785234899	0	0	0	0	0	0	0	0	0	0	0.167785234899	0	0	0	0	0	0	0	0	0	0	0	0	0	0	0	0	0	0	0	0	0	0	0	0	0.167785234899	0	0	0	0	0	0	0	0	0	0	0	0	0	0	0	0	0	0	0	0	0	0	0	0	0	0	0	0	0	0	0	0
Lactobacillus	0	0	15.7718120805	0	0	0	0	0	0	0	0	0	0	0	0	0	0.167785234899	0	0	0	0	0	0	0	0	0	0	0	0	8.55704697987	0	0	0	0	0	0	0	0	0	0	0	0.838926174497	0	0	0	0	0	0	0	0	0	0	0	0	0	0	0	0	0	0	0	0	0	0	0	0	0	0	0	0	0	0	0	0	0	0	0	0	0	0	0	0	13.5906040268	0	0	0	0	0	0	0
Latilactobacillus	0	0	0	0	0	0	0	0	0	0.167785234899	0	0	0	0	0	0	0	0	0.503355704698	0	0	0.167785234899	0	0	0	0	0	0	0	0	0	0	0	0	0	0	0.503355704698	0	0	0	0	0	0	0	0	0.167785234899	0	0	0	0	0	0	0	0	0	0	0	15.2684563758	0	0	0	0	0	0	0	0	0	0	0	0	1.0067114094	0	0	0	0	0	0	0	5.53691275168	0	0	0	0.503355704698	0	0	0	0	0	0	0
Fournierella	0	0	0	0	0	0	0	1.84563758389	1.67785234899	0	0	0.167785234899	0	0	0	0	0	0	0	0	0	0	0	0	0	0	0	0	0	0	0	0	0	3.85906040268	0	0	0	0	0	0	0	0	0	0	0	0	0	0	0	0	0	0	0	0	0	0	0	0	5.87248322148	0	0	0	0	0	0	0	0	0	0	0	0	0	0	0	0	0	0	0	0	0	0.671140939597	0	0	0	9.39597315436	0	0	0	0	0
Bifidobacterium	0	0	0	6.71140939597	0	29.1946308725	26.1744966443	0	0	12.2483221477	34.7315436242	0	32.2147651007	62.7516778523	11.744966443	0.335570469799	1.1744966443	81.8791946309	7.21476510067	0	18.6241610738	0	1.34228187919	0	30.3691275168	0	0	12.2483221477	0	51.0067114094	0	0	4.36241610738	47.9865771812	0	0	0	0	1.51006711409	30.8724832215	0	5.36912751678	1.67785234899	6.87919463087	1.51006711409	8.55704697987	1.67785234899	0	0	0	1.0067114094	8.89261744966	0	0	2.68456375839	0.167785234899	24.6644295302	0	0	0	0	2.18120805369	5.03355704698	0	0	13.5906040268	0.335570469799	0	0	2.18120805369	29.1946308725	0	36.744966443	1.1744966443	0	21.8120805369	0	0	0	0	1.51006711409	20.3020134228	0	0	0	0.167785234899	0	0	0	1.0067114094
Erysipelatoclostridium	4.19463087248	0	4.69798657718	0.671140939597	0	0	3.35570469799	0	0	0	0.167785234899	0	2.85234899329	1.84563758389	0	0	0	0	1.1744966443	0	2.18120805369	0.335570469799	0	0.503355704698	0.335570469799	0.671140939597	0	0	2.85234899329	0	0	0	0	0	0	0	5.53691275168	1.0067114094	0	0.503355704698	1.51006711409	3.52348993289	0	34.7315436242	0.167785234899	0	0.671140939597	0	0	9.56375838926	0.671140939597	0	0	0	0	0	12.7516778523	8.05369127517	1.67785234899	0	0	0	0.335570469799	11.4093959732	0	0	0	0	1.51006711409	1.51006711409	0	0	0	2.01342281879	0	0.167785234899	0	0	0	0.167785234899	0	1.0067114094	0	0	25.3355704698	0	0.167785234899	0	0.167785234899	0
UBA1819	0	0	0	1.67785234899	0	0	0	0	0.167785234899	0	0	0	0	0	3.52348993289	0.671140939597	0	0	0	0	0	6.37583892617	0	0	0	0	0	0	0	0	0	5.53691275168	0	0	0	0	0	0	0	0.167785234899	0	0	0	0	0	0	0	2.51677852349	0	0	0	0	0	0	0	0	0	0	8.55704697987	0	0	0	0	1.51006711409	0	0	9.73154362416	0	0.167785234899	0	0	0	3.52348993289	0	0	0	0	0	0	0	0	0	0	0	0	0	0	0	0	0
Eisenbergiella	0	0	0	0.838926174497	0	0	0	17.7852348993	0	0	0	0	0	0	0	0	0.167785234899	0	0	0	0	0	0	0	0	0	0	0	0	0	0	0	0	0	0	0	0	0	4.19463087248	0	1.1744966443	0	0	0	0	0	0	0	0	0	0	0	0	21.4765100671	0	0	0	0	11.744966443	0	0	0	0	0	0	0	0	3.35570469799	0	0	0	1.1744966443	0	0	0	0	0	0	0	0	0	0	0	1.67785234899	0	0	0	0	0	0
Pediococcus	0	1.67785234899	0	0	0	0	0	0	0	0	0	0	0	0	0	0	0	0	0	0	0	0	0	2.85234899329	0	0	0	0	0	0	0	0	0	0	0	0	0	0	0	0	0	0	0	0	0	0	0	2.68456375839	0	0	0	0	0	0	0	0	0.335570469799	0	0	0	0	0	0	0	8.05369127517	0	0	0	0	0	0	0	0	0	0	0	0	0	0.671140939597	0	0	0	0	0	0	0	0	0	0	0
Actinomyces	1.84563758389	0	0	0	0	1.84563758389	0	0	0.335570469799	1.0067114094	0	0	0	0	0.335570469799	0	0.167785234899	1.1744966443	0	0	3.18791946309	0	0	0	0	1.34228187919	0	0	0	0	0	1.0067114094	0	0	5.20134228188	0	0	9.39597315436	0	0.671140939597	0	0	0	1.34228187919	0	0	0	0	0	0	0	0	0	0	0	0	0	7.71812080537	0	0	1.1744966443	0	0	0	0	0.838926174497	0.167785234899	0	0	0	0	0	0	0	0	0	2.68456375839	0	0	0	0	0	0	0	0	0	0	0.167785234899	0	0
Corynebacterium	0	0	0	0	0	0	0	0	0	0.167785234899	0	0	0	0	0	0	0	0	0	0	0	0	0	0	0	0	0	0	0	0	0	0	0	0	0	0	0	0	0	0	0	0	0	0	0	0	0	0	0	0	0	0	0	0	0	0	0	0	0	0	0	0	0	0	0	0	0	0	0	0	0	0	0	0.167785234899	0	0	0	0	0	0	0	0	0	0	0	0	0	0	0	0
Prevotella_7	0	0	0	0	0	0	0	0	0	0	0	3.52348993289	0	0	0	0	0	0	0	0	0	0	0	0	0	0	0	0	0	0	0	0	0	0	0	0	0	0	10.7382550336	0	0	0	0	0	0	0	0	0	0	0	0	0	0	0	0	0	0	0	0	0	0	0	0	0	0	0	0	0	0	0	0	0	0	0	0	0	0	0	0	0	0	0	0	0	0	0	0	0	0	0
Holdemania	0	0	0	0	0	0	0	0	0	0	0	0	0	0	0	0	0	0	0	0	0	0	0	0	0	0	0	0	0	0	0	0	0	0	0	0	0	0	0	0	0	0	0	0	0	0	0	0	0	0	0	0	0	0	0	0.503355704698	0	0	0	0	0	0	0	0	0	0	0	0	0	0	0	0	0	0.503355704698	0	0	0	0	0	0	0	0	0	0	0	0	0	0	0	0
Merdibacter	0	0	0	0	0	0	0	0	0	0	0	0	0	0	0	0	0	0	0	0	0	0	0	0	0	0	0	0	0	0	0	0	0	0	0	0.671140939597	0	0	0	0	0	0	0	0	3.18791946309	0	0	0	0	0	0	0	0	0	0	0	0	0	0	0	0	0	0	0	0	0	0	0	0	0	0	0	0	0	0	0	0	0	0	0	0	0	0	0	0	0	0	0	0	0
Granulicatella	0	0	0.671140939597	0	0	0.503355704698	0	0	0	0	0	0	0	0	0	0	0	2.51677852349	0	0	0	0	0	0	0	0	0	0	0	0	0	0	0	0	0	0	0	0.167785234899	0	0	0	0	0	0	0	0	0	0	0	0	0	0	0	0	0	0	0	1.67785234899	0	0	0	0	0	0	0	0	0	0	0	0	0	0	0.167785234899	0	0	0	0	0	0	0	0	0	0	0	0	0	0	0	0	0
Limosilactobacillus	0	0	1.67785234899	0	0	0	0	0	0	0	0	0	0	0	0	0	0	0	0	0	0	0	0	0	0	2.18120805369	0	0	0	12.5838926174	0	0	0	0	0	0	0	0	0	0	0	0	0	0	0	0	0	0	0	0	0	0	0	0	0	0	0	3.52348993289	0	0	0	0	0	0	0	0	0	0	0	0	0	0	0	0	0	0	0	0	0	0	0	0	0	0	0	0	0	0	0	0
Weissella	0	0	0	0	0	0	0	0	0	0	0	0	0	0	0	0	0	0	0	0	0	0	0	0	0	0	0	0	0	0	0	0	0	0	0	0	1.34228187919	0	0	0	0	0	0	0	0	0	0	0	0	0	0	0	0	0	0	0	0	0	0	0	0	0	0	0	0	0	0	0	0	0	0	0	0	0	0	0	0	0	0.503355704698	0	0	0	0	0	0	0	0	0	0	0
Clostridium_sensu_stricto_1	0	13.5906040268	0.167785234899	0	0	0	5.36912751678	0	0	0	0	0	0	0	0	0	0	0	0	0	0	0	1.67785234899	0	0.335570469799	0	0	0	0	0	0	2.51677852349	2.51677852349	0	0	0	0	5.03355704698	0	9.73154362416	0	0.167785234899	2.85234899329	0	0	0	0	0	0	0	0	0	5.20134228188	0.167785234899	2.01342281879	0	0	0	0	0	0.167785234899	0	0	0	0	0	0	0	0	0	0	0	0	0.503355704698	0	0	0	0	0	0	0	0	0	0	0	0	0	0	0	0
Epulopiscium	0	0	0	0	0	0	0	0	0	0	0	0	0	0	0	0	0	0	0	0	0	0	0	0	0	0	0	0	0	0	0	0	0	0	0	0	0	3.69127516779	0	0	0	0	0	0	0	0	0	0	0	0	0	0	0	0	0	0	0	0	0	0	0.167785234899	0	0	0	0	0	0	0	0	0	0	0	0	0	0	0	0	0	0	0	0	0	0	0	0	0	0	0	0	0
Finegoldia	0	0	0	0	0	0	0	0	0	0	0	0	0	0	0	0	0	0	0	0	0	0	0	0	0	0	0	0	0	0	0	0	0	0	0	0	0	0	0	0	0	0	0	0	0.167785234899	0	0	0.167785234899	0	0	0	0	0	0	0	0	0	0	0	0	0	0	0	0	0	0	0	0	0	0	0	0	0	0	0	0	0	0	0	0	0	0	0	0	0	0	0	0	0	0
Other	3.020134228212	26.7785234900422	0.503355704799006	-0.453020134236993	0.167785234937	-2.42746334461788	2.3708053691421	12.583892617475	11.073825503335	2.51677852346	5.20134228185999	16.442953020179	24.0264178824402	4.34228187920939	9.89932885892	4.194630872502	10.06711409392	0.372903809583605	11.24161073827	-4.00035560232936e-11	9.56375838928101	10.9122269674986	0.167785234950003	1.006711409399	3.859060402612	5.87276772634193	11.577181207971	7.885906040295	10.402684563709	-5.87476223082263	-0.107166745875489	6.22483221483	6.95420745820091	7.71812080541	-3.18926685758485	9.228187919465	15.536912751682	-4.362416107424	-5.63579344912787	0.335570469871996	8.55704697988701	5.201342281828	2.348993288559	18.355704697955	11.3053813677384	33.624161073807	-4.026845637623	4.53020134229	5.79298781108687	9.7063758389494	0.335570469732005	17.114093959763	30.872483221463	20.7593581527464	3.355704697947	6.37583892627201	3.355704697946	4.02684563757499	25.8456375838882	4.228187919365	7.3355704697842	1.342281879222	6.208053691339	12.147651006718	21.023489932911	0.671140939674999	8.221476510087	15.604026845685	-1.845637583894	9.731543624156	2.852348993302	1.006711409369	12.919463087143	30.3691275166922	72.651006711418	6.543624161107	4.09983158533578e-11	1.51006711401999	7.00026703270851e-11	27.013422818837	13.087248322233	8.10018718766514e-11	16.248322147763	10.067114093877	34.39597315436	3.52348993281601	13.449664429628	13.134228187816	5.033557046981	0.167785234906006
Alloscardovia	0	0	0	0	0	0	0	0	0	0	0	0	0	0	0	0	0	0	0	0	0	0	0	0	0	0	0	0	0	0	0	0	0	0	0	0	0	0	0	0	0	0	0	0	0	0	0	0	0	0	0	0	0	0	0	0	0	0	0	0	0	0	0	0	0	0	0	0	0	0	0	0	0	0	0	0	0	0	0	0	0	0	0	0	0	0	0	0	0	0
Propionibacterium	0	0	0	0	0	0	0	0	0	0	0	0	0	0	0	0	0	0	0	0	0	0	0	0	0	0	0	0	0	0	0	0	0	0	0	0	0	0	0	0	0	0	0	0	0	0	0	0	0	0	0	0	0	0	0	0	0	0	0	0	0	0	0	0	0	0	0	0	0	0	0	0	0	0	0	0	0	0	0	0	0	0	0	0	0	0	0	0	0	0
Cryptobacterium	0	0	0	0	0	0	0	0	0	0	0	0	0	0	0	0	0	0	0	0	0	0	0	0	0	0	0	0	0	0	0	0	0	0	0	0	0	0	0	0	0	0	0	0	0	0	0	0	0	0	0	0	0	0	0	0	0	0	0	0	0	0	0	0	0	0	0	0	0	0	0	0	0	0	0	0	0	0	0	0	0	0	0	0	0	0	0	0	0	0
Hydrotalea	0	0	0	0	0	0	0	0	0	0	0	0	0	0	0	0	0	0	0	0	0	0	0	0	0	0	0	0	0	0	0	0	0	0	0	0	0	0	0	0	0	0	0	0	0	0	0	0	0	0	0	0	0	0	0	0	0	0	0	0	0	0	0	0	0	0	0	0	0	0	0	0	0	0	0	0	0	0	0	0	0	0	0	0	0	0	0	0	0	0
Dielma	0	0	0	0	0	0	0	0	0	0	0	0	0	0	0	0	0	0	0	0	0	0	0	0	0	0	0	0	0	0	0	0	0	0	0	0	0	0	0	0	0	0	0	0	0	0	0	0	0	0	0	0	0	0	0	0	0	0	0	0	0	0	0	0	0	0	0	0	0	0	0	0	0	0	0	0	0	0	0	0	0	0	0	0	0	0	0	0	0	0
Solobacterium	0	0	0	0	0	0	0	0	0	0	0	0	0	0	0	0	0	0	0	0	0	0	0	0	0	0	0	0	0	0	0	0	0	0	0	0	0	0	0	0	0	0	0	0	0	0	0	0	0	0	0	0	0	0	0	0	0	0	0	0	0	0	0	0	0	0	0	0	0	0	0	0	0	0	0	0	0	0	0	0	0	0	0	0	0	0	0	0	0	0
Companilactobacillus	0	0	0	0	0	0	0	0	0	0	0	0	0	0	0	0	0	0	0	0	0	0	0	0	0	0	0	0	0	0	0	0	0	0	0	0	0	0	0	0	0	0	0	0	0	0	0	0	0	0	0	0	0	0	0	0	0	0	0	0	0	0	0	0	0	0	0	0	0	0	0	0	0	0	0	0	0	0	0	0	0	0	0	0	0	0	0	0	0	0
Fructobacillus	0	0	0	0	0	0	0	0	0	0	0	0	0	0	0	0	0	0	0	0	0	0	0	0	0	0	0	0	0	0	0	0	0	0	0	0	0	0	0	0	0	0	0	0	0	0	0	0	0	0	0	0	0	0	0	0	0	0	0	0	0	0	0	0	0	0	0	0	0	0	0	0	0	0	0	0	0	0	0	0	0	0	0	0	0	0	0	0	0	0
Lentilactobacillus	0	0	0	0	0	0	0	0	0	0	0	0	0	0	0	0	0	0	0	0	0	0	0	0	0	0	0	0	0	0	0	0	0	0	0	0	0	0	0	0	0	0	0	0	0	0	0	0	0	0	0	0	0	0	0	0	0	0	0	0	0	0	0	0	0	0	0	0	0	0	0	0	0	0	0	0	0	0	0	0	0	0	0	0	0	0	0	0	0	0
P5D1-392	0	0	0	0	0	0	0	0	0	0	0	0	0	0	0	0	0	0	0	0	0	0	0	0	0	0	0	0	0	0	0	0	0	0	0	0	0	0	0	0	0	0	0	0	0	0	0	0	0	0	0	0	0	0	0	0	0	0	0	0	0	0	0	0	0	0	0	0	0	0	0	0	0	0	0	0	0	0	0	0	0	0	0	0	0	0	0	0	0	0
Paenibacillus	0	0	0	0	0	0	0	0	0	0	0	0	0	0	0	0	0	0	0	0	0	0	0	0	0	0	0	0	0	0	0	0	0	0	0	0	0	0	0	0	0	0	0	0	0	0	0	0	0	0	0	0	0	0	0	0	0	0	0	0	0	0	0	0	0	0	0	0	0	0	0	0	0	0	0	0	0	0	0	0	0	0	0	0	0	0	0	0	0	0
Clostridium_sensu_stricto_13	0	0	0	0	0	0	0	0	0	0	0	0	0	0	0	0	0	0	0	0	0	0	0	0	0	0	0	0	0	0	0	0	0	0	0	0	0	0	0	0	0	0	0	0	0	0	0	0	0	0	0	0	0	0	0	0	0	0	0	0	0	0	0	0	0	0	0	0	0	0	0	0	0	0	0	0	0	0	0	0	0	0	0	0	0	0	0	0	0	0
Clostridium_sensu_stricto_18	0	0	0	0	0	0	0	0	0	0	0	0	0	0	0	0	0	0	0	0	0	0	0	0	0	0	0	0	0	0	0	0	0	0	0	0	0	0	0	0	0	0	0	0	0	0	0	0	0	0	0	0	0	0	0	0	0	0	0	0	0	0	0	0	0	0	0	0	0	0	0	0	0	0	0	0	0	0	0	0	0	0	0	0	0	0	0	0	0	0
Anaerocolumna	0	0	0	0	0	0	0	0	0	0	0	0	0	0	0	0	0	0	0	0	0	0	0	0	0	0	0	0	0	0	0	0	0	0	0	0	0	0	0	0	0	0	0	0	0	0	0	0	0	0	0	0	0	0	0	0	0	0	0	0	0	0	0	0	0	0	0	0	0	0	0	0	0	0	0	0	0	0	0	0	0	0	0	0	0	0	0	0	0	0
Catonella	0	0	0	0	0	0	0	0	0	0	0	0	0	0	0	0	0	0	0	0	0	0	0	0	0	0	0	0	0	0	0	0	0	0	0	0	0	0	0	0	0	0	0	0	0	0	0	0	0	0	0	0	0	0	0	0	0	0	0	0	0	0	0	0	0	0	0	0	0	0	0	0	0	0	0	0	0	0	0	0	0	0	0	0	0	0	0	0	0	0
Acetanaerobacterium	0	0	0	0	0	0	0	0	0	0	0	0	0	0	0	0	0	0	0	0	0	0	0	0	0	0	0	0	0	0	0	0	0	0	0	0	0	0	0	0	0	0	0	0	0	0	0	0	0	0	0	0	0	0	0	0	0	0	0	0	0	0	0	0	0	0	0	0	0	0	0	0	0	0	0	0	0	0	0	0	0	0	0	0	0	0	0	0	0	0
Oscillospira	0	0	0	0	0	0	0	0	0	0	0	0	0	0	0	0	0	0	0	0	0	0	0	0	0	0	0	0	0	0	0	0	0	0	0	0	0	0	0	0	0	0	0	0	0	0	0	0	0	0	0	0	0	0	0	0	0	0	0	0	0	0	0	0	0	0	0	0	0	0	0	0	0	0	0	0	0	0	0	0	0	0	0	0	0	0	0	0	0	0
Pygmaiobacter	0	0	0	0	0	0	0	0	0	0	0	0	0	0	0	0	0	0	0	0	0	0	0	0	0	0	0	0	0	0	0	0	0	0	0	0	0	0	0	0	0	0	0	0	0	0	0	0	0	0	0	0	0	0	0	0	0	0	0	0	0	0	0	0	0	0	0	0	0	0	0	0	0	0	0	0	0	0	0	0	0	0	0	0	0	0	0	0	0	0
Ezakiella	0	0	0	0	0	0	0	0	0	0	0	0	0	0	0	0	0	0	0	0	0	0	0	0	0	0	0	0	0	0	0	0	0	0	0	0	0	0	0	0	0	0	0	0	0	0	0	0	0	0	0	0	0	0	0	0	0	0	0	0	0	0	0	0	0	0	0	0	0	0	0	0	0	0	0	0	0	0	0	0	0	0	0	0	0	0	0	0	0	0
Parvimonas	0	0	0	0	0	0	0	0	0	0	0	0	0	0	0	0	0	0	0	0	0	0	0	0	0	0	0	0	0	0	0	0	0	0	0	0	0	0	0	0	0	0	0	0	0	0	0	0	0	0	0	0	0	0	0	0	0	0	0	0	0	0	0	0	0	0	0	0	0	0	0	0	0	0	0	0	0	0	0	0	0	0	0	0	0	0	0	0	0	0
Peptostreptococcus	0	0	0	0	0	0	0	0	0	0	0	0	0	0	0	0	0	0	0	0	0	0	0	0	0	0	0	0	0	0	0	0	0	0	0	0	0	0	0	0	0	0	0	0	0	0	0	0	0	0	0	0	0	0	0	0	0	0	0	0	0	0	0	0	0	0	0	0	0	0	0	0	0	0	0	0	0	0	0	0	0	0	0	0	0	0	0	0	0	0
Negativicoccus	0	0	0	0	0	0	0	0	0	0	0	0	0	0	0	0	0	0	0	0	0	0	0	0	0	0	0	0	0	0	0	0	0	0	0	0	0	0	0	0	0	0	0	0	0	0	0	0	0	0	0	0	0	0	0	0	0	0	0	0	0	0	0	0	0	0	0	0	0	0	0	0	0	0	0	0	0	0	0	0	0	0	0	0	0	0	0	0	0	0
Allorhizobium-Neorhizobium-Pararhizobium-Rhizobium	0	0	0	0	0	0	0	0	0	0	0	0	0	0	0	0	0	0	0	0	0	0	0	0	0	0	0	0	0	0	0	0	0	0	0	0	0	0	0	0	0	0	0	0	0	0	0	0	0	0	0	0	0	0	0	0	0	0	0	0	0	0	0	0	0	0	0	0	0	0	0	0	0	0	0	0	0	0	0	0	0	0	0	0	0	0	0	0	0	0
Providencia	0	0	0	0	0	0	0	0	0	0	0	0	0	0	0	0	0	0	0	0	0	0	0	0	0	0	0	0	0	0	0	0	0	0	0	0	0	0	0	0	0	0	0	0	0	0	0	0	0	0	0	0	0	0	0	0	0	0	0	0	0	0	0	0	0	0	0	0	0	0	0	0	0	0	0	0	0	0	0	0	0	0	0	0	0	0	0	0	0	0
Aggregatibacter	0	0	0	0	0	0	0	0	0	0	0	0	0	0	0	0	0	0	0	0	0	0	0	0	0	0	0	0	0	0	0	0	0	0	0	0	0	0	0	0	0	0	0	0	0	0	0	0	0	0	0	0	0	0	0	0	0	0	0	0	0	0	0	0	0	0	0	0	0	0	0	0	0	0	0	0	0	0	0	0	0	0	0	0	0	0	0	0	0	0
